{"properties":{"connectionReferences":{"shared_commondataserviceforapps":{"runtimeSource":"embedded","connection":{"connectionReferenceLogicalName":"pbo_sharedcommondataserviceforapps_39cc8"},"api":{"name":"shared_commondataserviceforapps"}}},"definition":{"$schema":"https://schema.management.azure.com/providers/Microsoft.Logic/schemas/2016-06-01/workflowdefinition.json#","contentVersion":"1.0.0.0","parameters":{"$connections":{"defaultValue":{},"type":"Object"},"$authentication":{"defaultValue":{},"type":"SecureObject"}},"triggers":{"manual":{"type":"Request","kind":"Button","inputs":{"schema":{"type":"object","properties":{"number":{"title":"#UseCase","type":"number","x-ms-dynamically-added":true,"description":"Please enter a number","x-ms-content-hint":"NUMBER"}},"required":["number"]}}}},"actions":{"Switch":{"runAfter":{"Init_varDebug":["Succeeded"]},"cases":{"1_-_List_Record_-_Select_Query":{"case":1,"actions":{"Select_Query_-_List_rows":{"runAfter":{},"type":"OpenApiConnection","inputs":{"host":{"connectionName":"shared_commondataserviceforapps","operationId":"ListRecords","apiId":"/providers/Microsoft.PowerApps/apis/shared_commondataserviceforapps"},"parameters":{"entityName":"accounts","$select":"name, statecode"},"authentication":{"type":"Raw","value":"@json(decodeBase64(triggerOutputs().headers['X-MS-APIM-Tokens']))['$ConnectionKey']"}}},"Select_Query_-_HTML_table":{"runAfter":{"Select_Query_-_List_rows":["Succeeded"]},"type":"Table","inputs":{"from":"@outputs('Select_Query_-_List_rows')?['body/value']","format":"HTML","columns":[{"header":"AccountName","value":"@item()?['name']"},{"header":"Status","value":"@item()?['statecode']"}]}}}},"2_-_List_Record_-_Select_Query_with_OptionSet":{"case":2,"actions":{"Select_Query_with_OptionSet_-_List_rows":{"runAfter":{},"type":"OpenApiConnection","inputs":{"host":{"connectionName":"shared_commondataserviceforapps","operationId":"ListRecords","apiId":"/providers/Microsoft.PowerApps/apis/shared_commondataserviceforapps"},"parameters":{"entityName":"accounts","$select":"name, statecode"},"authentication":{"type":"Raw","value":"@json(decodeBase64(triggerOutputs().headers['X-MS-APIM-Tokens']))['$ConnectionKey']"}}},"Select_Query_with_OptionSet_-_HTML_table":{"runAfter":{"Select_Query_with_OptionSet_-_List_rows":["Succeeded"]},"type":"Table","inputs":{"from":"@outputs('Select_Query_with_OptionSet_-_List_rows')?['body/value']","format":"HTML","columns":[{"header":"AccountName","value":"@item()?['name']"},{"header":"StatusCode","value":"@item()?['statecode']"},{"header":"StatusText","value":"@item()?['statecode@OData.Community.Display.V1.FormattedValue']"}]}}}},"3_-_List_Record_-_Filter_Query":{"case":3,"actions":{"Filter_Query_-_One_Criteria":{"runAfter":{},"type":"OpenApiConnection","inputs":{"host":{"connectionName":"shared_commondataserviceforapps","operationId":"ListRecords","apiId":"/providers/Microsoft.PowerApps/apis/shared_commondataserviceforapps"},"parameters":{"entityName":"accounts","$select":"accountnumber,name,statecode","$filter":"contains(name, 'i')"},"authentication":{"type":"Raw","value":"@json(decodeBase64(triggerOutputs().headers['X-MS-APIM-Tokens']))['$ConnectionKey']"}}},"Filter_Query_-_One_Criteria_-_HTML_table":{"runAfter":{"Filter_Query_-_One_Criteria":["Succeeded"]},"type":"Table","inputs":{"from":"@outputs('Filter_Query_-_One_Criteria')?['body/value']","format":"HTML","columns":[{"header":"Name","value":"@item()?['name']"},{"header":"AccountNumber","value":"@item()?['accountnumber']"}]}},"Filter_Query_-_Two_Criteria":{"runAfter":{"Filter_Query_-_One_Criteria_-_HTML_table":["Succeeded"]},"type":"OpenApiConnection","inputs":{"host":{"connectionName":"shared_commondataserviceforapps","operationId":"ListRecords","apiId":"/providers/Microsoft.PowerApps/apis/shared_commondataserviceforapps"},"parameters":{"entityName":"accounts","$select":"accountnumber,name,statecode","$filter":"contains(name, 'i') and startswith(address1_city,'d')"},"authentication":{"type":"Raw","value":"@json(decodeBase64(triggerOutputs().headers['X-MS-APIM-Tokens']))['$ConnectionKey']"}}},"Filter_Query_-_Two_Criteria_-_HTML_table":{"runAfter":{"Filter_Query_-_Two_Criteria":["Succeeded"]},"type":"Table","inputs":{"from":"@outputs('Filter_Query_-_Two_Criteria')?['body/value']","format":"HTML","columns":[{"header":"Name","value":"@item()?['name']"},{"header":"AccountNumber","value":"@item()?['accountnumber']"}]}}}},"4_-_List_Record_-_Expand_Query":{"case":4,"actions":{"Expand_Query_-_List_rows":{"runAfter":{},"type":"OpenApiConnection","inputs":{"host":{"connectionName":"shared_commondataserviceforapps","operationId":"ListRecords","apiId":"/providers/Microsoft.PowerApps/apis/shared_commondataserviceforapps"},"parameters":{"entityName":"accounts","$select":"accountnumber,name,statecode","$expand":"parentaccountid($select=accountnumber,name),primarycontactid($select=birthdate,fullname)"},"authentication":{"type":"Raw","value":"@json(decodeBase64(triggerOutputs().headers['X-MS-APIM-Tokens']))['$ConnectionKey']"}}},"Create_HTML_table":{"runAfter":{"Expand_Query_-_List_rows":["Succeeded"]},"type":"Table","inputs":{"from":"@outputs('Expand_Query_-_List_rows')?['body/value']","format":"HTML","columns":[{"header":"AccountName","value":"@item()?['name']"},{"header":"AccountNumber","value":"@item()?['accountnumber']"},{"header":"ParentAccount-Name","value":"@item()?['parentaccountid/name']"},{"header":"ParentAccount-Number","value":"@item()?['parentaccountid/accountnumber']"},{"header":"PrimaryContact-FullName","value":"@item()?['primarycontactid/fullname']"},{"header":"PrimaryContact-Birthdate","value":"@item()?['primarycontactid/birthdate']"}]}}}},"5_-_List_Record_-_FetchXml":{"case":5,"actions":{"FetchXml_-_List_rows":{"runAfter":{},"type":"OpenApiConnection","inputs":{"host":{"connectionName":"shared_commondataserviceforapps","operationId":"ListRecords","apiId":"/providers/Microsoft.PowerApps/apis/shared_commondataserviceforapps"},"parameters":{"entityName":"accounts","fetchXml":"<fetch returntotalrecordcount=\"true\" >\n  <entity name=\"account\" >\n    <attribute name=\"name\" />\n    <attribute name=\"accountnumber\" />\n    <attribute name=\"statecode\" />\n    <attribute name=\"address1_city\" />\n    <attribute name=\"telephone1\" />\n    <filter type=\"and\" >\n      <condition attribute=\"statecode\" operator=\"eq\" value=\"0\" />\n    </filter>\n    <order attribute=\"name\" />\n    <link-entity name=\"contact\" from=\"contactid\" to=\"primarycontactid\" >\n      <attribute name=\"fullname\" />\n      <attribute name=\"emailaddress1\" />\n    </link-entity>\n    <link-entity name=\"annotation\" from=\"objectid\" to=\"accountid\" link-type=\"outer\" >\n      <attribute name=\"notetext\" />\n    </link-entity>\n  </entity>\n</fetch>"},"authentication":{"type":"Raw","value":"@json(decodeBase64(triggerOutputs().headers['X-MS-APIM-Tokens']))['$ConnectionKey']"}}},"FetchXml_-_HTML_table":{"runAfter":{"DEBUG_-_Set_varDebug":["Succeeded"]},"type":"Table","inputs":{"from":"@outputs('FetchXml_-_List_rows')?['body/value']","format":"HTML","columns":[{"header":"AccountName","value":"@item()?['name']"},{"header":"AccountNumber","value":"@item()?['accountnumber']"},{"header":"ContactPrincipal.FullName","value":"@item()?['contact1.fullname']"},{"header":"Annotation.Description","value":"@item()?['annotation2.notetext']"}]}},"DEBUG_-_Set_varDebug":{"runAfter":{"FetchXml_-_List_rows":["Succeeded"]},"type":"SetVariable","inputs":{"name":"varDebug","value":"@{outputs('FetchXml_-_List_rows')?['body/@odata.count']}"}}}},"6_-_List_Record_-_Top_Count":{"case":6,"actions":{"Top_Count_-_List_rows":{"runAfter":{},"type":"OpenApiConnection","inputs":{"host":{"connectionName":"shared_commondataserviceforapps","operationId":"ListRecords","apiId":"/providers/Microsoft.PowerApps/apis/shared_commondataserviceforapps"},"parameters":{"entityName":"accounts","$select":"accountnumber,name,statecode","$top":2},"authentication":{"type":"Raw","value":"@json(decodeBase64(triggerOutputs().headers['X-MS-APIM-Tokens']))['$ConnectionKey']"}}},"Top_Count_-_HTML_table":{"runAfter":{"Top_Count_-_List_rows":["Succeeded"]},"type":"Table","inputs":{"from":"@outputs('Top_Count_-_List_rows')?['body/value']","format":"HTML","columns":[{"header":"AccountName","value":"@item()?['name']"},{"header":"AccountNumber","value":"@item()?['accountnumber']"}]}}}}},"default":{"actions":{"Terminate":{"runAfter":{},"type":"Terminate","inputs":{"runStatus":"Succeeded"}}}},"expression":"@triggerBody()['number']","type":"Switch"},"Init_varDebug":{"runAfter":{},"type":"InitializeVariable","inputs":{"variables":[{"name":"varDebug","type":"string"}]}}},"outputs":{}}},"schemaVersion":"1.0.0.0"}