{"schemaVersion":"1.0","appDefinitionTemplate":{"id":"/providers/Microsoft.PowerApps/apps/","type":"Microsoft.PowerApps/apps","tags":{"primaryDeviceWidth":"444","primaryDeviceHeight":"790","sienaVersion":"20201216T224810Z-3.20111.52.0","deviceCapabilities":"","supportsPortrait":"true","supportsLandscape":"false","primaryFormFactor":"Web","publisherVersion":"3.20111.52","minimumRequiredApiVersion":"2.2.0","hasComponent":"false","hasNonOOBComponent":"false","hasUnlockedComponent":"false","isUnifiedRootApp":"false"},"properties":{"appVersion":"2020-12-16T22:48:10Z","lifeCycleId":"Published","createdByClientVersion":{"major":3,"minor":20111,"build":52,"revision":0,"majorRevision":0,"minorRevision":0},"minClientVersion":{"major":3,"minor":20111,"build":52,"revision":0,"majorRevision":0,"minorRevision":0},"backgroundColor":"rgba(0, 176, 240, 1)","backgroundImageUri":"/5091650921900015243/N75e330c2-da3c-4af4-88fe-1cde25d7fb84-logoSmallFile","displayName":"AppOptySlesforce","description":"","commitMessage":"","appUris":{"documentUri":{"value":"/5091650921900015243/N2274f733-9fe6-40b9-a42a-1e49ed0c96d6-document.msapp"},"imageUris":[]},"createdTime":"0001-01-01T00:00:00Z","lastModifiedTime":"0001-01-01T00:00:00Z","sharedGroupsCount":0,"sharedUsersCount":0,"icons":{"smallIconUri":"/5091650921900015243/N6a60e632-9fca-470f-b3e2-e53072a22ad5-small.png","mediumIconUri":"/5091650921900015243/N772dad08-b670-49f8-b952-3d9cc5261dc2-medium.png","largeIconUri":"/5091650921900015243/N3c3841e7-0eea-41a7-b9a8-0a8a55c7643f-large.png","wideIconUri":"/5091650921900015243/N253b24b5-d61b-4de3-a1c7-194a2d451975-wide.png"},"connectionReferences":{"4512d56a-8ebf-47be-b125-694dd6271dbb":{"id":"aebbe04a-93cf-4156-b907-f8d0f694c09f","displayName":"Salesforce","iconUri":"https://connectoricons-prod.azureedge.net/releases/v1.0.1426/1.0.1426.2268/salesforce/icon.png","dataSources":["Comptes","Opportunités"],"dependencies":[],"dependents":["058e6c25-abe5-470d-9dac-33f9bfafb029","c91cf854-4124-41f4-bb57-6b579fb49fa5"],"parameterHints":{},"isOnPremiseConnection":false,"bypassConsent":false,"dataSets":{"default":{"dataSources":{"Comptes":{"tableName":"Account"},"Opportunités":{"tableName":"Opportunity"}}}},"apiTier":"Premium","isCustomApiConnection":false},"058e6c25-abe5-470d-9dac-33f9bfafb029":{"id":"8f76b807-070e-4c6d-8d72-d5c87895c69b","displayName":"Logic flows","iconUri":"https://resourcestackdeploy.blob.core.windows.net/scripts/13276078.png","dataSources":["PowerAppsbutton-MoveOptytoDynamics"],"dependencies":["4512d56a-8ebf-47be-b125-694dd6271dbb","af070287-fb56-423c-8fb1-38f4d6b6ff0d"],"dependents":[],"parameterHints":{"workflowName":{"value":"2ddaaa51-8edd-4bf9-a5fd-878398a45ee9"},"4512d56a-8ebf-47be-b125-694dd6271dbb":{"value":"shared_salesforce"},"af070287-fb56-423c-8fb1-38f4d6b6ff0d":{"value":"shared_commondataservice"}},"isOnPremiseConnection":false,"bypassConsent":false,"dataSets":{},"apiTier":"Standard","isCustomApiConnection":false},"af070287-fb56-423c-8fb1-38f4d6b6ff0d":{"id":"760832f2-f6ab-4018-9510-faec7f813c85","displayName":"Common Data Service","iconUri":"https://connectoricons-prod.azureedge.net/releases/v1.0.1419/1.0.1419.2241/commondataservice/icon.png","dataSources":[],"dependencies":[],"dependents":["058e6c25-abe5-470d-9dac-33f9bfafb029","c91cf854-4124-41f4-bb57-6b579fb49fa5"],"parameterHints":{},"isOnPremiseConnection":false,"bypassConsent":false,"dataSets":{},"apiTier":"Premium","isCustomApiConnection":false},"c91cf854-4124-41f4-bb57-6b579fb49fa5":{"id":"8f76b807-070e-4c6d-8d72-d5c87895c69b","displayName":"Logic flows","iconUri":"https://resourcestackdeploy.blob.core.windows.net/scripts/13276078.png","dataSources":["PBA-CopySFDCOptytoDYNA"],"dependencies":["4512d56a-8ebf-47be-b125-694dd6271dbb","af070287-fb56-423c-8fb1-38f4d6b6ff0d"],"dependents":[],"parameterHints":{"workflowName":{"value":"b79cc2ec-ba3c-422c-abac-aa3d2751f0de"},"4512d56a-8ebf-47be-b125-694dd6271dbb":{"value":"shared_salesforce"},"af070287-fb56-423c-8fb1-38f4d6b6ff0d":{"value":"shared_commondataservice"}},"isOnPremiseConnection":false,"bypassConsent":false,"dataSets":{},"apiTier":"Standard","isCustomApiConnection":false,"actions":["Run"]}},"databaseReferences":{"default.cds":{"databaseDetails":{"referenceType":"Environmental","environmentName":"default.cds"},"dataSources":{"Accounts":{"entitySetName":"accounts","logicalName":"account"}}}},"almMode":"Solution","performanceOptimizationEnabled":false,"executionRestrictions":{"isTeamsOnly":false,"dataLossPreventionEvaluationResult":{"status":"Compliant","lastEvaluationDate":"2021-03-19T14:17:33.342515Z","violationDetails":[]}}},"isAppComponentLibrary":false,"appType":"ClassicCanvasApp","appComponents":[]}}