{"properties":{"connectionReferences":{"shared_office365":{"runtimeSource":"embedded","connection":{"connectionReferenceLogicalName":"pbo_sharedoffice365_9d3a9"},"api":{"name":"shared_office365"}},"shared_commondataserviceforapps":{"runtimeSource":"embedded","connection":{"connectionReferenceLogicalName":"pbo_sharedcommondataserviceforapps_39cc8"},"api":{"name":"shared_commondataserviceforapps"}},"shared_dataflows":{"runtimeSource":"embedded","connection":{"connectionReferenceLogicalName":"pbo_shareddataflows_2c767"},"api":{"name":"shared_dataflows"}}},"definition":{"$schema":"https://schema.management.azure.com/providers/Microsoft.Logic/schemas/2016-06-01/workflowdefinition.json#","contentVersion":"1.0.0.0","parameters":{"$connections":{"defaultValue":{},"type":"Object"},"$authentication":{"defaultValue":{},"type":"SecureObject"}},"triggers":{"Dataflow_refresh_completes":{"recurrence":{"interval":1,"frequency":"Minute"},"type":"OpenApiConnection","inputs":{"host":{"connectionName":"shared_dataflows","operationId":"OnRefreshComplete","apiId":"/providers/Microsoft.PowerApps/apis/shared_dataflows"},"parameters":{"workspaceType":"Environment","groupIdForOnRefreshComplete":"6be4e1d6-b17d-4db3-afba-cb19dc184d8e-31c688f59-europe","dataflowIdForOnRefreshComplete":"46fc7306-0f49-4568-a52f-5b39852448cf-31c688f59-Covid Question Import"},"authentication":"@parameters('$authentication')"}}},"actions":{"Send_Email_-_Dataflow_Report":{"runAfter":{"Environement_-_Apply_to_each":["Succeeded"]},"type":"OpenApiConnection","inputs":{"host":{"connectionName":"shared_office365","operationId":"SendEmailV2","apiId":"/providers/Microsoft.PowerApps/apis/shared_office365"},"parameters":{"emailMessage/To":"@variables('varEmailChecker')","emailMessage/Subject":"Fin du Dataflow : @{triggerOutputs()?['body/dataflowName']}","emailMessage/Body":"<p>Le Dataflow : @{triggerOutputs()?['body/dataflowName']} (@{triggerOutputs()?['body/dataflowId']})<br>\nExécuté via @{triggerOutputs()?['body/refreshType']}<br>\nCommencé le : @{triggerOutputs()?['body/startTime']}<br>\nC'est terminé le : @{triggerOutputs()?['body/endTime']}<br>\n<br>\nVoici son statut : @{triggerOutputs()?['body/status']}</p>"},"authentication":"@parameters('$authentication')"}},"Initialize_varEmailChecker":{"runAfter":{},"type":"InitializeVariable","inputs":{"variables":[{"name":"varEmailChecker","type":"string"}]}},"List_Environement_Variables_for_PA":{"runAfter":{"Initialize_varEmailChecker":["Succeeded"]},"type":"OpenApiConnection","inputs":{"host":{"connectionName":"shared_commondataserviceforapps","operationId":"ListRecords","apiId":"/providers/Microsoft.PowerApps/apis/shared_commondataserviceforapps"},"parameters":{"entityName":"environmentvariabledefinitions","fetchXml":"<fetch top=\"50\" >\n  <entity name=\"environmentvariabledefinition\" >\n    <attribute name=\"displayname\" />\n    <filter>\n      <condition attribute=\"displayname\" operator=\"like\" value=\"pa%\" />\n    </filter>\n    <link-entity name=\"environmentvariablevalue\" from=\"environmentvariabledefinitionid\" to=\"environmentvariabledefinitionid\" link-type=\"inner\" >\n      <attribute name=\"value\" />\n    </link-entity>\n  </entity>\n</fetch>"},"authentication":"@parameters('$authentication')"}},"Environement_-_Apply_to_each":{"foreach":"@outputs('List_Environement_Variables_for_PA')?['body/value']","actions":{"Switch":{"runAfter":{},"cases":{"Set_paEmailCheck":{"case":"paEmailCheck","actions":{"Set_variable_3":{"runAfter":{},"type":"SetVariable","inputs":{"name":"varEmailChecker","value":"@{items('Environement_-_Apply_to_each')?['environmentvariablevalue1.value']}"}}}}},"default":{"actions":{}},"expression":"@items('Environement_-_Apply_to_each')?['displayname']","type":"Switch"}},"runAfter":{"List_Environement_Variables_for_PA":["Succeeded"]},"type":"Foreach"}},"outputs":{}}},"schemaVersion":"1.0.0.0"}