{"properties":{"connectionReferences":{"shared_onedriveforbusiness":{"runtimeSource":"embedded","connection":{"connectionReferenceLogicalName":"pbo_sharedonedriveforbusiness_8469e"},"api":{"name":"shared_onedriveforbusiness"}},"shared_dataflows":{"runtimeSource":"embedded","connection":{"connectionReferenceLogicalName":"pbo_shareddataflows_2c767"},"api":{"name":"shared_dataflows"}}},"definition":{"$schema":"https://schema.management.azure.com/providers/Microsoft.Logic/schemas/2016-06-01/workflowdefinition.json#","contentVersion":"1.0.0.0","parameters":{"$connections":{"defaultValue":{},"type":"Object"},"$authentication":{"defaultValue":{},"type":"SecureObject"}},"triggers":{"Si_un_fichier_est_déposé_dans_Publipostage":{"recurrence":{"interval":1,"frequency":"Minute"},"metadata":{"b!TOi5Z5A92keDBxgjdRVGZ7LI5cuYMJZGsTcLRC-mQrpjVNmunXlEQLOwVi9Sm5t7.01DS725YD4Z2OEONY77BC2N3TZW3MFZROV":"/Datas/Publipostage"},"type":"OpenApiConnection","inputs":{"host":{"connectionName":"shared_onedriveforbusiness","operationId":"OnNewFileV2","apiId":"/providers/Microsoft.PowerApps/apis/shared_onedriveforbusiness"},"parameters":{"folderId":"b!TOi5Z5A92keDBxgjdRVGZ7LI5cuYMJZGsTcLRC-mQrpjVNmunXlEQLOwVi9Sm5t7.01DS725YD4Z2OEONY77BC2N3TZW3MFZROV","includeSubfolders":false,"inferContentType":true},"authentication":"@parameters('$authentication')"}}},"actions":{"Si_le_nom_du_fichier_contient_GO":{"actions":{"Run_Dataflow_-_Import_Question_Covid":{"runAfter":{},"type":"OpenApiConnection","inputs":{"host":{"connectionName":"shared_dataflows","operationId":"RefreshDataflow","apiId":"/providers/Microsoft.PowerApps/apis/shared_dataflows"},"parameters":{"workspaceType":"Environment","groupIdForRefreshDataflow":"6be4e1d6-b17d-4db3-afba-cb19dc184d8e-31c688f59-europe","dataflowIdForRefreshDataflow":"46fc7306-0f49-4568-a52f-5b39852448cf-31c688f59-Covid Question Import"},"authentication":"@parameters('$authentication')"}}},"runAfter":{},"expression":{"contains":["@triggerOutputs()?['headers/x-ms-file-name-encoded']","GO"]},"type":"If"}},"outputs":{}}},"schemaVersion":"1.0.0.0"}