{"properties":{"connectionReferences":{"shared_commondataserviceforapps":{"runtimeSource":"embedded","connection":{"connectionReferenceLogicalName":"pbo_sharedcommondataserviceforapps_39cc8"},"api":{"name":"shared_commondataserviceforapps"}}},"definition":{"$schema":"https://schema.management.azure.com/providers/Microsoft.Logic/schemas/2016-06-01/workflowdefinition.json#","contentVersion":"1.0.0.0","parameters":{"$connections":{"defaultValue":{},"type":"Object"},"$authentication":{"defaultValue":{},"type":"SecureObject"}},"triggers":{"When_a_Email_Messages_is_created":{"type":"OpenApiConnectionWebhook","inputs":{"host":{"connectionName":"shared_commondataserviceforapps","operationId":"SubscribeWebhookTrigger","apiId":"/providers/Microsoft.PowerApps/apis/shared_commondataserviceforapps"},"parameters":{"subscriptionRequest/message":1,"subscriptionRequest/entityname":"email","subscriptionRequest/scope":4},"authentication":"@parameters('$authentication')"}}},"actions":{"List_Email's_Attachments":{"runAfter":{"Init_var_-_RegardingType":["Succeeded"]},"type":"OpenApiConnection","inputs":{"host":{"connectionName":"shared_commondataserviceforapps","operationId":"ListRecords","apiId":"/providers/Microsoft.PowerApps/apis/shared_commondataserviceforapps"},"parameters":{"entityName":"activitymimeattachments","$filter":"_objectid_value eq @{triggerOutputs()?['body/activityid']}"},"authentication":"@parameters('$authentication')"}},"For_each_Attachments":{"foreach":"@outputs('List_Email''s_Attachments')?['body/value']","actions":{"Switch_-_Regarding_Type":{"runAfter":{},"cases":{"If_ACCOUNT":{"case":"accounts","actions":{"Account_-_Create_Note":{"runAfter":{},"type":"OpenApiConnection","inputs":{"host":{"connectionName":"shared_commondataserviceforapps","operationId":"CreateRecord","apiId":"/providers/Microsoft.PowerApps/apis/shared_commondataserviceforapps"},"parameters":{"entityName":"annotations","item/subject":"New file is sent -> @{items('For_each_Attachments')?['filename']} ( @{div(items('For_each_Attachments')?['filesize'], 1000)}Ko)","item/notetext":"Date Sent : @{convertTimeZone(triggerOutputs()?['body/createdon'], 'UTC', 'Romance Standard Time', 'F')}\nBy : @{triggerOutputs()?['body/sender']}","item/isdocument":true,"item/documentbody":"@body('List_Email''s_Attachments')?['body']","item/filename":"@items('For_each_Attachments')?['filename']","item/objecttypecode":"@triggerOutputs()?['body/_regardingobjectid_value@Microsoft.Dynamics.CRM.lookuplogicalname']","item/objectid_account@odata.bind":"/accounts(@{triggerOutputs()?['body/_regardingobjectid_value']})"},"authentication":"@parameters('$authentication')"}},"Account_-_Delete_Attachment":{"runAfter":{"Account_-_Create_Note":["Succeeded"]},"type":"OpenApiConnection","inputs":{"host":{"connectionName":"shared_commondataserviceforapps","operationId":"DeleteRecord","apiId":"/providers/Microsoft.PowerApps/apis/shared_commondataserviceforapps"},"parameters":{"entityName":"activitymimeattachments","recordId":"@items('For_each_Attachments')?['activitymimeattachmentid']"},"authentication":"@parameters('$authentication')"}}}},"If_CONTACT":{"case":"contacts","actions":{"Contact_-_Create_Note":{"runAfter":{},"type":"OpenApiConnection","inputs":{"host":{"connectionName":"shared_commondataserviceforapps","operationId":"CreateRecord","apiId":"/providers/Microsoft.PowerApps/apis/shared_commondataserviceforapps"},"parameters":{"entityName":"annotations","item/subject":"New file is sent -> @{items('For_each_Attachments')?['filename']} ( @{div(items('For_each_Attachments')?['filesize'], 1000)}Ko)","item/notetext":"Date Sent : @{convertTimeZone(triggerOutputs()?['body/createdon'], 'UTC', 'Romance Standard Time', 'F')}\nBy : @{triggerOutputs()?['body/sender']}","item/isdocument":true,"item/documentbody":"@body('List_Email''s_Attachments')?['body']","item/filename":"@items('For_each_Attachments')?['filename']","item/objectid_contact@odata.bind":"/contacts(@{triggerOutputs()?['body/_regardingobjectid_value']})"},"authentication":"@parameters('$authentication')"}},"Contact_-_Delete_Attachments":{"runAfter":{"Contact_-_Create_Note":["Succeeded"]},"type":"OpenApiConnection","inputs":{"host":{"connectionName":"shared_commondataserviceforapps","operationId":"DeleteRecord","apiId":"/providers/Microsoft.PowerApps/apis/shared_commondataserviceforapps"},"parameters":{"entityName":"activitymimeattachments","recordId":"@items('For_each_Attachments')?['activitymimeattachmentid']"},"authentication":"@parameters('$authentication')"}}}}},"default":{"actions":{}},"expression":"@variables('strRegardingType')","type":"Switch"}},"runAfter":{"List_Email's_Attachments":["Succeeded"]},"type":"Foreach"},"Init_var_-_RegardingType":{"runAfter":{},"type":"InitializeVariable","inputs":{"variables":[{"name":"strRegardingType","type":"string","value":"@{triggerOutputs()?['body/_regardingobjectid_type']}"}]}}},"outputs":{}}},"schemaVersion":"1.0.0.0"}