<ImportExportXml version="9.2.20122.144" SolutionPackageVersion="9.2" languagecode="1033" generatedBy="CrmLive" xmlns:xsi="http://www.w3.org/2001/XMLSchema-instance">
  <SolutionManifest>
    <UniqueName>sfdcindynamics</UniqueName>
    <LocalizedNames>
      <LocalizedName description="SFDC dans Dynamics" languagecode="1033" />
    </LocalizedNames>
    <Descriptions />
    <Version>1.0.0.1</Version>
    <Managed>0</Managed>
    <Publisher>
      <UniqueName>piebou</UniqueName>
      <LocalizedNames>
        <LocalizedName description="PieBou" languagecode="1033" />
      </LocalizedNames>
      <Descriptions />
      <EMailAddress xsi:nil="true"></EMailAddress>
      <SupportingWebsiteUrl xsi:nil="true"></SupportingWebsiteUrl>
      <CustomizationPrefix>pbo</CustomizationPrefix>
      <CustomizationOptionValuePrefix>85891</CustomizationOptionValuePrefix>
      <Addresses>
        <Address>
          <AddressNumber>1</AddressNumber>
          <AddressTypeCode>1</AddressTypeCode>
          <City xsi:nil="true"></City>
          <County xsi:nil="true"></County>
          <Country xsi:nil="true"></Country>
          <Fax xsi:nil="true"></Fax>
          <FreightTermsCode xsi:nil="true"></FreightTermsCode>
          <ImportSequenceNumber xsi:nil="true"></ImportSequenceNumber>
          <Latitude xsi:nil="true"></Latitude>
          <Line1 xsi:nil="true"></Line1>
          <Line2 xsi:nil="true"></Line2>
          <Line3 xsi:nil="true"></Line3>
          <Longitude xsi:nil="true"></Longitude>
          <Name xsi:nil="true"></Name>
          <PostalCode xsi:nil="true"></PostalCode>
          <PostOfficeBox xsi:nil="true"></PostOfficeBox>
          <PrimaryContactName xsi:nil="true"></PrimaryContactName>
          <ShippingMethodCode>1</ShippingMethodCode>
          <StateOrProvince xsi:nil="true"></StateOrProvince>
          <Telephone1 xsi:nil="true"></Telephone1>
          <Telephone2 xsi:nil="true"></Telephone2>
          <Telephone3 xsi:nil="true"></Telephone3>
          <TimeZoneRuleVersionNumber xsi:nil="true"></TimeZoneRuleVersionNumber>
          <UPSZone xsi:nil="true"></UPSZone>
          <UTCOffset xsi:nil="true"></UTCOffset>
          <UTCConversionTimeZoneCode xsi:nil="true"></UTCConversionTimeZoneCode>
        </Address>
        <Address>
          <AddressNumber>2</AddressNumber>
          <AddressTypeCode>1</AddressTypeCode>
          <City xsi:nil="true"></City>
          <County xsi:nil="true"></County>
          <Country xsi:nil="true"></Country>
          <Fax xsi:nil="true"></Fax>
          <FreightTermsCode xsi:nil="true"></FreightTermsCode>
          <ImportSequenceNumber xsi:nil="true"></ImportSequenceNumber>
          <Latitude xsi:nil="true"></Latitude>
          <Line1 xsi:nil="true"></Line1>
          <Line2 xsi:nil="true"></Line2>
          <Line3 xsi:nil="true"></Line3>
          <Longitude xsi:nil="true"></Longitude>
          <Name xsi:nil="true"></Name>
          <PostalCode xsi:nil="true"></PostalCode>
          <PostOfficeBox xsi:nil="true"></PostOfficeBox>
          <PrimaryContactName xsi:nil="true"></PrimaryContactName>
          <ShippingMethodCode>1</ShippingMethodCode>
          <StateOrProvince xsi:nil="true"></StateOrProvince>
          <Telephone1 xsi:nil="true"></Telephone1>
          <Telephone2 xsi:nil="true"></Telephone2>
          <Telephone3 xsi:nil="true"></Telephone3>
          <TimeZoneRuleVersionNumber xsi:nil="true"></TimeZoneRuleVersionNumber>
          <UPSZone xsi:nil="true"></UPSZone>
          <UTCOffset xsi:nil="true"></UTCOffset>
          <UTCConversionTimeZoneCode xsi:nil="true"></UTCConversionTimeZoneCode>
        </Address>
      </Addresses>
    </Publisher>
    <RootComponents>
      <RootComponent type="1" schemaName="account" behavior="2" />
      <RootComponent type="29" id="{d58806ba-b440-eb11-a813-000d3aa959bd}" behavior="0" />
      <RootComponent type="60" id="{8cff6cec-ad40-eb11-a813-000d3abe33e5}" behavior="0" />
      <RootComponent type="62" schemaName="pbo_SFDCdansDynamics" behavior="0" />
      <RootComponent type="80" schemaName="pbo_SFDCdansDynamics" behavior="0" />
      <RootComponent type="300" schemaName="pbo_appoptyslesforce_ef43e" behavior="0" />
    </RootComponents>
    <MissingDependencies>
      <MissingDependency>
        <Required key="0" type="1" schemaName="opportunity" displayName="Opportunity" solution="msdynce_Sales (9.0.4.0076)" />
        <Dependent key="1" type="80" schemaName="pbo_SFDCdansDynamics" displayName="SFDC dans Dynamics" />
      </MissingDependency>
      <MissingDependency>
        <Required key="2" type="26" schemaName="All Opportunities" displayName="All Opportunities" parentSchemaName="opportunity" parentDisplayName="Opportunity" solution="msdynce_Sales (9.0.4.0076)" id="{c6f6fc1b-1b3e-e711-80e1-00155d871bb4}" />
        <Dependent key="1" type="80" schemaName="pbo_SFDCdansDynamics" displayName="SFDC dans Dynamics" />
      </MissingDependency>
      <MissingDependency>
        <Required key="3" type="26" schemaName="All Contacts" displayName="All Contacts" parentSchemaName="contact" parentDisplayName="Contact" solution="msdynce_AppCommon (9.0.4.0066)" id="{0d5d377b-5e7c-47b5-bab1-a5cb8b4ac105}" />
        <Dependent key="1" type="80" schemaName="pbo_SFDCdansDynamics" displayName="SFDC dans Dynamics" />
      </MissingDependency>
      <MissingDependency>
        <Required key="4" type="26" schemaName="Opportunity Advanced Find View" displayName="Opportunity Advanced Find View" parentSchemaName="opportunity" parentDisplayName="Opportunity" solution="msdynce_Sales (9.0.4.0076)" id="{00000000-0000-0000-00aa-000000666800}" />
        <Dependent key="1" type="80" schemaName="pbo_SFDCdansDynamics" displayName="SFDC dans Dynamics" />
      </MissingDependency>
      <MissingDependency>
        <Required key="5" type="26" schemaName="All Accounts" displayName="All Accounts" parentSchemaName="account" parentDisplayName="Account" solution="msdynce_AppCommon (9.0.4.0066)" id="{65ffaf9a-e8c5-432d-860b-32f841b00d87}" />
        <Dependent key="1" type="80" schemaName="pbo_SFDCdansDynamics" displayName="SFDC dans Dynamics" />
      </MissingDependency>
      <MissingDependency>
        <Required key="6" type="26" schemaName="Opportunity Associated View" displayName="Opportunity Associated View" parentSchemaName="opportunity" parentDisplayName="Opportunity" solution="msdynce_Sales (9.0.4.0076)" id="{00000000-0000-0000-00aa-000010001203}" />
        <Dependent key="1" type="80" schemaName="pbo_SFDCdansDynamics" displayName="SFDC dans Dynamics" />
      </MissingDependency>
      <MissingDependency>
        <Required key="7" type="60" displayName="contact card" parentDisplayName="Contact" solution="msdynce_AppCommon (9.0.4.0066)" id="{707fc57b-c5e6-471b-a180-e37ed28a38e2}" />
        <Dependent key="1" type="80" schemaName="pbo_SFDCdansDynamics" displayName="SFDC dans Dynamics" />
      </MissingDependency>
      <MissingDependency>
        <Required key="8" type="60" displayName="Live Persona Card Form" parentDisplayName="Contact" solution="msdynce_AppCommonPatch201904 (9.0.20122.10003)" id="{449faa0e-f471-48ec-87d0-4719909546d2}" />
        <Dependent key="1" type="80" schemaName="pbo_SFDCdansDynamics" displayName="SFDC dans Dynamics" />
      </MissingDependency>
      <MissingDependency>
        <Required key="9" type="60" displayName="Information" parentDisplayName="Opportunity" solution="msdynce_Sales (9.0.4.0076)" id="{a2a56263-ec37-4991-a3b0-e7b37a71d818}" />
        <Dependent key="1" type="80" schemaName="pbo_SFDCdansDynamics" displayName="SFDC dans Dynamics" />
      </MissingDependency>
      <MissingDependency>
        <Required key="10" type="60" displayName="Quick Opportunity View Form" parentDisplayName="Opportunity" solution="msdynce_Sales (9.0.4.0076)" id="{24b5ce86-1811-44c3-b1ad-90f7ea02d2d7}" />
        <Dependent key="1" type="80" schemaName="pbo_SFDCdansDynamics" displayName="SFDC dans Dynamics" />
      </MissingDependency>
      <MissingDependency>
        <Required key="11" type="60" displayName="Recent Cases and Entitlements" parentDisplayName="Contact" solution="msdynce_AppCommon (9.0.4.0066)" id="{f3b707fb-3b5f-45f9-9c6b-5e573bb5d19e}" />
        <Dependent key="1" type="80" schemaName="pbo_SFDCdansDynamics" displayName="SFDC dans Dynamics" />
      </MissingDependency>
      <MissingDependency>
        <Required key="12" type="60" displayName="Contact Quick Create" parentDisplayName="Contact" solution="msdynce_AppCommon (9.0.4.0066)" id="{661157fe-2fc9-4eaa-835f-5bfa2f7b64f7}" />
        <Dependent key="1" type="80" schemaName="pbo_SFDCdansDynamics" displayName="SFDC dans Dynamics" />
      </MissingDependency>
      <MissingDependency>
        <Required key="13" type="60" displayName="account card" parentDisplayName="Account" solution="msdynce_AppCommon (9.0.4.0066)" id="{b028db32-3619-48a5-ac51-cf3f947b0ef3}" />
        <Dependent key="1" type="80" schemaName="pbo_SFDCdansDynamics" displayName="SFDC dans Dynamics" />
      </MissingDependency>
      <MissingDependency>
        <Required key="14" type="60" displayName="Account" parentDisplayName="Account" solution="msdynce_AppCommon (9.0.4.0066)" id="{8448b78f-8f42-454e-8e2a-f8196b0419af}" />
        <Dependent key="1" type="80" schemaName="pbo_SFDCdansDynamics" displayName="SFDC dans Dynamics" />
      </MissingDependency>
      <MissingDependency>
        <Required key="15" type="60" displayName="Account Hierarchy Tile Form" parentDisplayName="Account" solution="msdynce_AppCommon (9.0.4.0066)" id="{69cff312-cfb6-4289-9631-249ab85d2c62}" />
        <Dependent key="1" type="80" schemaName="pbo_SFDCdansDynamics" displayName="SFDC dans Dynamics" />
      </MissingDependency>
      <MissingDependency>
        <Required key="16" type="60" displayName="Opportunity" parentDisplayName="Opportunity" solution="msdynce_Sales (9.0.4.0076)" id="{e3c588ee-8e11-49da-a5fe-3800f3f683de}" />
        <Dependent key="1" type="80" schemaName="pbo_SFDCdansDynamics" displayName="SFDC dans Dynamics" />
      </MissingDependency>
      <MissingDependency>
        <Required key="17" type="60" displayName="Account Quick Create" parentDisplayName="Account" solution="msdynce_AppCommon (9.0.4.0066)" id="{c9e7ec2d-efca-4e4c-b3e3-f63c4bba5e4b}" />
        <Dependent key="1" type="80" schemaName="pbo_SFDCdansDynamics" displayName="SFDC dans Dynamics" />
      </MissingDependency>
      <MissingDependency>
        <Required key="18" type="60" displayName="Social Profiles" parentDisplayName="Contact" solution="msdynce_AppCommon (9.0.4.0066)" id="{7bb87dfd-ec3e-4ed9-8e3e-5725d3067295}" />
        <Dependent key="1" type="80" schemaName="pbo_SFDCdansDynamics" displayName="SFDC dans Dynamics" />
      </MissingDependency>
      <MissingDependency>
        <Required key="19" type="60" displayName="Contact Quick Form" parentDisplayName="Contact" solution="msdynce_AppCommon (9.0.4.0066)" id="{bdb0ae1c-32fa-4374-b637-8dafe107bc44}" />
        <Dependent key="1" type="80" schemaName="pbo_SFDCdansDynamics" displayName="SFDC dans Dynamics" />
      </MissingDependency>
      <MissingDependency>
        <Required key="20" type="60" displayName="account contact card" parentDisplayName="Contact" solution="msdynce_AppCommon (9.0.4.0066)" id="{29de27bc-a257-4f29-99cf-bab4a84e688f}" />
        <Dependent key="1" type="80" schemaName="pbo_SFDCdansDynamics" displayName="SFDC dans Dynamics" />
      </MissingDependency>
      <MissingDependency>
        <Required key="21" type="60" displayName="Account Reference Panel" parentDisplayName="Account" solution="msdynce_AppCommon (9.0.4.0066)" id="{098ae145-1567-41ec-8398-86dbaac70c9b}" />
        <Dependent key="1" type="80" schemaName="pbo_SFDCdansDynamics" displayName="SFDC dans Dynamics" />
      </MissingDependency>
      <MissingDependency>
        <Required key="22" type="60" displayName="Contact Reference Panel" parentDisplayName="Contact" solution="msdynce_AppCommon (9.0.4.0066)" id="{d880c3cf-80e2-42f3-82f9-24d040d09f17}" />
        <Dependent key="1" type="80" schemaName="pbo_SFDCdansDynamics" displayName="SFDC dans Dynamics" />
      </MissingDependency>
      <MissingDependency>
        <Required key="23" type="60" displayName="Information" parentDisplayName="Contact" solution="msdynce_AppCommon (9.0.4.0066)" id="{894cc46a-b0cb-4ab0-8bf6-200544e46a2d}" />
        <Dependent key="1" type="80" schemaName="pbo_SFDCdansDynamics" displayName="SFDC dans Dynamics" />
      </MissingDependency>
      <MissingDependency>
        <Required key="24" type="61" schemaName="msdyn_/Images/AppModule_Default_Icon.png" displayName="msdyn_/Images/AppModule_Default_Icon.png" solution="AppModuleWebResources (2.5)" />
        <Dependent key="1" type="80" schemaName="pbo_SFDCdansDynamics" displayName="SFDC dans Dynamics" />
      </MissingDependency>
      <MissingDependency>
        <Required key="0" type="1" schemaName="opportunity" displayName="Opportunity" solution="msdynce_Sales (9.0.4.0076)" />
        <Dependent key="25" type="62" schemaName="pbo_SFDCdansDynamics" />
      </MissingDependency>
      <MissingDependency>
        <Required key="26" type="1" schemaName="incident" displayName="Case" solution="msdynce_Service (9.0.5.56)" />
        <Dependent key="27" type="60" displayName="Account with SFDC" parentDisplayName="Account" id="{8cff6cec-ad40-eb11-a813-000d3abe33e5}" />
      </MissingDependency>
      <MissingDependency>
        <Required key="0" type="1" schemaName="opportunity" displayName="Opportunity" solution="msdynce_Sales (9.0.4.0076)" />
        <Dependent key="27" type="60" displayName="Account with SFDC" parentDisplayName="Account" id="{8cff6cec-ad40-eb11-a813-000d3abe33e5}" />
      </MissingDependency>
      <MissingDependency>
        <Required key="28" type="1" schemaName="entitlement" displayName="Entitlement" solution="msdynce_Service (9.0.5.56)" />
        <Dependent key="27" type="60" displayName="Account with SFDC" parentDisplayName="Account" id="{8cff6cec-ad40-eb11-a813-000d3abe33e5}" />
      </MissingDependency>
      <MissingDependency>
        <Required key="29" type="2" schemaName="originatingleadid" displayName="Originating Lead" parentSchemaName="account" parentDisplayName="Account" solution="msdynce_LeadManagement (9.0.4.0066)" />
        <Dependent key="27" type="60" displayName="Account with SFDC" parentDisplayName="Account" id="{8cff6cec-ad40-eb11-a813-000d3abe33e5}" />
      </MissingDependency>
      <MissingDependency>
        <Required key="30" type="26" schemaName="Account Entitlements" displayName="Account Entitlements" parentSchemaName="entitlement" parentDisplayName="Entitlement" solution="msdynce_Service (9.0.5.56)" id="{961bf8aa-042f-4f4d-bcca-935bfc9a6994}" />
        <Dependent key="27" type="60" displayName="Account with SFDC" parentDisplayName="Account" id="{8cff6cec-ad40-eb11-a813-000d3abe33e5}" />
      </MissingDependency>
      <MissingDependency>
        <Required key="31" type="26" schemaName="All Cases for Customer" displayName="All Cases for Customer" parentSchemaName="incident" parentDisplayName="Case" solution="msdynce_Service (9.0.5.56)" id="{00000000-0000-0000-00aa-000010001039}" />
        <Dependent key="27" type="60" displayName="Account with SFDC" parentDisplayName="Account" id="{8cff6cec-ad40-eb11-a813-000d3abe33e5}" />
      </MissingDependency>
      <MissingDependency>
        <Required key="32" type="26" schemaName="Recent Opportunities" displayName="Recent Opportunities" parentSchemaName="opportunity" parentDisplayName="Opportunity" solution="msdynce_Sales (9.0.4.0076)" id="{9c3f7ee8-eca7-e211-9fb6-00155dd0ea05}" />
        <Dependent key="27" type="60" displayName="Account with SFDC" parentDisplayName="Account" id="{8cff6cec-ad40-eb11-a813-000d3abe33e5}" />
      </MissingDependency>
      <MissingDependency>
        <Required key="33" type="26" schemaName="My Open Opportunities" displayName="My Open Opportunities" parentSchemaName="opportunity" parentDisplayName="Opportunity" solution="msdynce_Sales (9.0.4.0076)" id="{00000000-0000-0000-00aa-000010003000}" />
        <Dependent key="27" type="60" displayName="Account with SFDC" parentDisplayName="Account" id="{8cff6cec-ad40-eb11-a813-000d3abe33e5}" />
      </MissingDependency>
      <MissingDependency>
        <Required key="34" type="59" schemaName="Top Customers" displayName="Top Customers" parentSchemaName="opportunity" parentDisplayName="Opportunity" solution="msdynce_Sales (9.0.4.0076)" id="{8bc5fb18-48f2-4782-9e16-3d452fa4ddce}" />
        <Dependent key="27" type="60" displayName="Account with SFDC" parentDisplayName="Account" id="{8cff6cec-ad40-eb11-a813-000d3abe33e5}" />
      </MissingDependency>
      <MissingDependency>
        <Required key="20" type="60" displayName="account contact card" parentDisplayName="Contact" solution="msdynce_AppCommon (9.0.4.0066)" id="{29de27bc-a257-4f29-99cf-bab4a84e688f}" />
        <Dependent key="27" type="60" displayName="Account with SFDC" parentDisplayName="Account" id="{8cff6cec-ad40-eb11-a813-000d3abe33e5}" />
      </MissingDependency>
      <MissingDependency>
        <Required key="35" type="66" schemaName="MscrmControls.CardFeedContainer.CardFeedContainer" displayName="MscrmControls.CardFeedContainer.CardFeedContainer" solution="BaseCustomControlsCore (9.0.2012.2016)" />
        <Dependent key="27" type="60" displayName="Account with SFDC" parentDisplayName="Account" id="{8cff6cec-ad40-eb11-a813-000d3abe33e5}" />
      </MissingDependency>
      <MissingDependency>
        <Required key="36" type="66" schemaName="msdyn_MscrmControls.TreeView.TreeViewControl" displayName="msdyn_MscrmControls.TreeView.TreeViewControl" solution="msdyn_AssetCommon (1.0.6.37)" />
        <Dependent key="27" type="60" displayName="Account with SFDC" parentDisplayName="Account" id="{8cff6cec-ad40-eb11-a813-000d3abe33e5}" />
      </MissingDependency>
      <MissingDependency>
        <Required key="37" type="66" schemaName="MscrmControls.Canvas.CanvasControl" displayName="MscrmControls.Canvas.CanvasControl" solution="BaseCustomControlsCore (9.0.2012.2016)" />
        <Dependent key="27" type="60" displayName="Account with SFDC" parentDisplayName="Account" id="{8cff6cec-ad40-eb11-a813-000d3abe33e5}" />
      </MissingDependency>
    </MissingDependencies>
  </SolutionManifest>
</ImportExportXml>