<ImportExportXml xmlns:xsi="http://www.w3.org/2001/XMLSchema-instance">
  <Entities></Entities>
  <Roles></Roles>
  <Workflows>
    <Workflow WorkflowId="{e3a4c534-8300-ef11-9f8b-000d3a34c2ca}" Name="Daily Consolidated Tasks List" Description="Generate a daily consolidated task list - based on items in Outlook Tasks, Microsoft To Do, and Planner - and schedule time on your calendar for those tasks. Learn more at aka.ms/consolidatedtasklist. ** REQUIRED: MS Power User environment or higher. **">
      <JsonFileName>/Workflows/DailyConsolidatedTasksList-E3A4C534-8300-EF11-9F8B-000D3A34C2CA.json</JsonFileName>
      <Type>1</Type>
      <Subprocess>0</Subprocess>
      <Category>5</Category>
      <Mode>0</Mode>
      <Scope>4</Scope>
      <OnDemand>0</OnDemand>
      <TriggerOnCreate>0</TriggerOnCreate>
      <TriggerOnDelete>0</TriggerOnDelete>
      <AsyncAutodelete>0</AsyncAutodelete>
      <SyncWorkflowLogOnFailure>0</SyncWorkflowLogOnFailure>
      <StateCode>0</StateCode>
      <StatusCode>1</StatusCode>
      <RunAs>1</RunAs>
      <IsTransacted>1</IsTransacted>
      <IntroducedVersion>1.0.0.0</IntroducedVersion>
      <IsCustomizable>1</IsCustomizable>
      <BusinessProcessType>0</BusinessProcessType>
      <IsCustomProcessingStepAllowedForOtherPublishers>1</IsCustomProcessingStepAllowedForOtherPublishers>
      <PrimaryEntity>none</PrimaryEntity>
      <LocalizedNames>
        <LocalizedName languagecode="1033" description="Daily Consolidated Tasks List" />
      </LocalizedNames>
      <Descriptions>
        <Description languagecode="1033" description="Generate a daily consolidated task list - based on items in Outlook Tasks, Microsoft To Do, and Planner - and schedule time on your calendar for those tasks. Learn more at aka.ms/consolidatedtasklist. ** REQUIRED: MS Power User environment or higher. **" />
      </Descriptions>
    </Workflow>
  </Workflows>
  <FieldSecurityProfiles></FieldSecurityProfiles>
  <Templates />
  <EntityMaps />
  <EntityRelationships />
  <OrganizationSettings />
  <optionsets />
  <CustomControls />
  <EntityDataProviders />
  <connectionreferences>
    <connectionreference connectionreferencelogicalname="pbo_sharedoffice365_1b3dd">
      <connectionreferencedisplayname>DailyTasksList - Office 365 Outlook</connectionreferencedisplayname>
      <connectorid>/providers/Microsoft.PowerApps/apis/shared_office365</connectorid>
      <iscustomizable>1</iscustomizable>
      <statecode>0</statecode>
      <statuscode>1</statuscode>
    </connectionreference>
    <connectionreference connectionreferencelogicalname="pbo_sharedoffice365users_1d9a7">
      <connectionreferencedisplayname>DailyTasksList - Office 365 Users</connectionreferencedisplayname>
      <connectorid>/providers/Microsoft.PowerApps/apis/shared_office365users</connectorid>
      <iscustomizable>1</iscustomizable>
      <statecode>0</statecode>
      <statuscode>1</statuscode>
    </connectionreference>
    <connectionreference connectionreferencelogicalname="pbo_sharedoutlooktasks_7d992">
      <connectionreferencedisplayname>DailyTasksList - Outlook Tasks</connectionreferencedisplayname>
      <connectorid>/providers/Microsoft.PowerApps/apis/shared_outlooktasks</connectorid>
      <iscustomizable>1</iscustomizable>
      <statecode>0</statecode>
      <statuscode>1</statuscode>
    </connectionreference>
    <connectionreference connectionreferencelogicalname="pbo_sharedplanner_75133">
      <connectionreferencedisplayname>DailyTasksList - Planner</connectionreferencedisplayname>
      <connectorid>/providers/Microsoft.PowerApps/apis/shared_planner</connectorid>
      <iscustomizable>1</iscustomizable>
      <statecode>0</statecode>
      <statuscode>1</statuscode>
    </connectionreference>
  </connectionreferences>
  <Languages>
    <Language>1033</Language>
  </Languages>
</ImportExportXml>