{"schemaVersion":"1.0","appDefinitionTemplate":{"id":"/providers/Microsoft.PowerApps/apps/","type":"Microsoft.PowerApps/apps","tags":{"primaryDeviceWidth":"640","primaryDeviceHeight":"1136","sienaVersion":"20210114T152012Z-3.20122.13.0","deviceCapabilities":"","supportsPortrait":"true","supportsLandscape":"false","primaryFormFactor":"Phone","publisherVersion":"3.20122.13","minimumRequiredApiVersion":"2.2.0","hasComponent":"false","hasUnlockedComponent":"false","isUnifiedRootApp":"false"},"properties":{"appVersion":"2021-01-14T15:20:12Z","lifeCycleId":"Published","createdByClientVersion":{"major":3,"minor":20122,"build":13,"revision":0,"majorRevision":0,"minorRevision":0},"minClientVersion":{"major":3,"minor":20122,"build":13,"revision":0,"majorRevision":0,"minorRevision":0},"backgroundColor":"rgba(142, 140, 216, 1)","backgroundImageUri":"/8977921738755368451/Ndbccbf01-f580-4d81-bc87-ac09d5d52327-logoSmallFile","displayName":"AppSwitchScreen","description":"","commitMessage":"","appUris":{"documentUri":{"value":"/8977921738755368451/N305d15d1-4283-4862-a261-96b4641fa09f-document.msapp"},"imageUris":[]},"createdTime":"0001-01-01T00:00:00Z","lastModifiedTime":"0001-01-01T00:00:00Z","sharedGroupsCount":0,"sharedUsersCount":0,"icons":{"smallIconUri":"/8977921738755368451/N00f3165f-a133-4f8f-9deb-b1bdcf9d8c7d-small.png","mediumIconUri":"/8977921738755368451/N5b9fe031-070b-48f3-9e0d-3867df83bf63-medium.png","largeIconUri":"/8977921738755368451/N1ce30dd7-e532-43cf-a9ae-59617cb24f2a-large.png","wideIconUri":"/8977921738755368451/N42e61c67-7c94-4470-b76e-c42e20ea9ae5-wide.png"},"connectionReferences":{},"databaseReferences":{},"almMode":"Environment","performanceOptimizationEnabled":true,"canConsumeAppPass":true,"executionRestrictions":{"isTeamsOnly":false,"dataLossPreventionEvaluationResult":{"status":"Compliant","lastEvaluationDate":"2021-01-14T14:36:17.7951287Z","violationDetails":[]}}},"isAppComponentLibrary":false,"appType":"ClassicCanvasApp","appComponents":[]}}