<environmentvariabledefinition schemaname="pbo_HttpSecretValue">
  <description default="Secret use in Power Automate with a HTTP Tigger">
    <label description="Secret use in Power Automate with a HTTP Tigger" languagecode="1033" />
  </description>
  <displayname default="HttpSecretValue">
    <label description="HttpSecretValue" languagecode="1033" />
  </displayname>
  <introducedversion>1.0.0.0</introducedversion>
  <iscustomizable>1</iscustomizable>
  <isrequired>0</isrequired>
  <secretstore>0</secretstore>
  <type>100000000</type>
</environmentvariabledefinition>