<ImportExportXml xmlns:xsi="http://www.w3.org/2001/XMLSchema-instance" OrganizationVersion="9.2.24122.178" OrganizationSchemaType="Standard" CRMServerServiceabilityVersion="9.2.24122.00178">
  <Entities></Entities>
  <Roles></Roles>
  <Workflows></Workflows>
  <FieldSecurityProfiles></FieldSecurityProfiles>
  <Templates />
  <EntityMaps />
  <EntityRelationships />
  <OrganizationSettings />
  <optionsets />
  <CustomControls />
  <EntityDataProviders />
  <Connectors>
    <Connector>
      <connectorid>dc9379e1-36ca-4098-90f2-ce4e73a09314</connectorid>
      <description></description>
      <displayname>Yelp</displayname>
      <iconbrandcolor>#007ee5</iconbrandcolor>
      <name>pbo_yelp.5f465b8773138e981c.5f9a80b988a805565b</name>
      <connectortype>1</connectortype>
      <openapidefinition>/Connector/pbo_yelp5f465b8773138e981c5f9a80b988a805565b_openapidefinition.json</openapidefinition>
      <connectionparameters>/Connector/pbo_yelp5f465b8773138e981c5f9a80b988a805565b_connectionparameters.json</connectionparameters>
      <policytemplateinstances>/Connector/pbo_yelp5f465b8773138e981c5f9a80b988a805565b_policytemplateinstances.json</policytemplateinstances>
      <iconblob>/Connector/pbo_yelp5f465b8773138e981c5f9a80b988a805565b_iconblob.Jpeg</iconblob>
    </Connector>
  </Connectors>
  <Languages>
    <Language>1033</Language>
  </Languages>
</ImportExportXml>