<manifest><control namespace="SampleNamespace" constructor="TSLinearInputComponent" version="1.0.0" display-name-key="TSLinearInputComponent_Display_Key" description-key="TSLinearInputComponent_Desc_Key" control-type="standard" api-version="1.2.3"><type-group name="numbers"><type>Whole.None</type><type>Currency</type><type>FP</type><type>Decimal</type></type-group><property name="sliderValue" display-name-key="sliderValue_Display_Key" description-key="sliderValue_Desc_Key" of-type-group="numbers" usage="bound" required="true" /><resources><code path="bundle.js" order="1" /><css path="css/TS_LinearInputComponent.css" order="1" /></resources><built-by name="pac" version="1.3.6" /></control></manifest>