{
  "properties": {
    "connectionReferences": {},
    "definition": {
      "$schema": "https://schema.management.azure.com/providers/Microsoft.Logic/schemas/2016-06-01/workflowdefinition.json#",
      "contentVersion": "1.0.0.0",
      "parameters": {
        "$authentication": {
          "defaultValue": {},
          "type": "SecureObject"
        },
        "HttpSecretValue (pbo_HttpSecretValue)": {
          "defaultValue": "TOTO",
          "type": "String",
          "metadata": {
            "schemaName": "pbo_HttpSecretValue",
            "description": "Secret use in Power Automate with a HTTP Tigger"
          }
        }
      },
      "triggers": {
        "manual": {
          "metadata": {
            "operationMetadataId": "8134b0f8-fe20-48cf-a821-a34a6be9754d"
          },
          "type": "Request",
          "kind": "Http",
          "inputs": {
            "schema": {
              "type": "object",
              "required": [
                "email",
                "message"
              ],
              "properties": {
                "email": {
                  "type": "string",
                  "examples": [
                    "pbo@pbo.pbo"
                  ]
                },
                "name": {
                  "type": "string",
                  "examples": [
                    "piebou"
                  ]
                },
                "message": {
                  "type": "string",
                  "examples": [
                    "Salut mon ami, \\nComment tu vas aujourd 'hui ?"
                  ]
                },
                "sign": {
                  "type": "string",
                  "examples": [
                    "Peyo"
                  ]
                }
              },
              "examples": [
                {
                  "email": "pbo@pbo.pbo",
                  "name": "piebou",
                  "message": "Salut mon ami, \\nComment tu vas aujourd 'hui ?",
                  "sign": "Peyo"
                }
              ]
            },
            "method": "POST",
            "relativePath": "/emailme/{secret}"
          },
          "conditions": [
            {
              "expression": "@equals(triggerOutputs()['relativePathParameters']?['secret'],parameters('HttpSecretValue (pbo_HttpSecretValue)'))"
            }
          ],
          "runtimeConfiguration": {
            "secureData": {
              "properties": [
                "outputs"
              ]
            }
          }
        }
      },
      "actions": {
        "Get_Header": {
          "runAfter": {
            "Get_Secret": [
              "Succeeded"
            ]
          },
          "metadata": {
            "operationMetadataId": "8b0ef01e-8f58-4716-9dac-474ca9a55e60"
          },
          "type": "Compose",
          "inputs": "@triggerOutputs()['headers']"
        },
        "Get_Body": {
          "runAfter": {
            "Get_Header": [
              "Succeeded"
            ]
          },
          "metadata": {
            "operationMetadataId": "3a3b140c-7311-4bfc-8218-00c1f3c1a625"
          },
          "type": "Compose",
          "inputs": "@triggerBody()"
        },
        "Get_Secret": {
          "runAfter": {
            "Message": [
              "Succeeded"
            ]
          },
          "metadata": {
            "operationMetadataId": "671d0474-fa5c-44df-87b0-dff744ee910e"
          },
          "type": "Compose",
          "inputs": "@triggerOutputs()['relativePathParameters']['secret']"
        },
        "Message": {
          "runAfter": {},
          "metadata": {
            "operationMetadataId": "a892fc8d-82e7-4b4e-b110-245057fc8c17"
          },
          "type": "Compose",
          "inputs": "@parameters('HttpSecretValue (pbo_HttpSecretValue)')"
        },
        "Http_Response_200": {
          "runAfter": {
            "Get_Body": [
              "Succeeded"
            ]
          },
          "metadata": {
            "operationMetadataId": "376470af-2083-4ea4-aed6-873c748f89e1"
          },
          "type": "Response",
          "kind": "Http",
          "inputs": {
            "statusCode": 200,
            "body": {
              "status": "OK",
              "message": "Merci mon gars"
            }
          }
        }
      },
      "outputs": {}
    },
    "templateName": ""
  },
  "schemaVersion": "1.0.0.0"
}