<environmentvariabledefinition schemaname="pbo_paEmailCheck">
  <description default="Email de la personne qui validera les entrées COVID Externe">
    <label description="Email de la personne qui validera les entrées COVID Externe" languagecode="1033" />
  </description>
  <displayname default="paEmailCheck">
    <label description="paEmailCheck" languagecode="1033" />
  </displayname>
  <introducedversion>1.0.0.4</introducedversion>
  <iscustomizable>1</iscustomizable>
  <isrequired>0</isrequired>
  <type>100000000</type>
</environmentvariabledefinition>