{
  "properties": {
    "connectionReferences": {
      "shared_yelp.5f465b8773138e981c.5f9a80b988a805565b_1": {
        "runtimeSource": "invoker",
        "connection": {},
        "api": {
          "name": "shared_yelp.5f465b8773138e981c.5f9a80b988a805565b",
          "logicalName": "pbo_yelp.5f465b8773138e981c.5f9a80b988a805565b"
        }
      },
      "shared_filesystem": {
        "runtimeSource": "invoker",
        "connection": {},
        "api": {
          "name": "shared_filesystem"
        }
      }
    },
    "definition": {
      "$schema": "https://schema.management.azure.com/providers/Microsoft.Logic/schemas/2016-06-01/workflowdefinition.json#",
      "contentVersion": "1.0.0.0",
      "parameters": {
        "$connections": {
          "defaultValue": {},
          "type": "Object"
        },
        "$authentication": {
          "defaultValue": {},
          "type": "SecureObject"
        }
      },
      "triggers": {
        "manual": {
          "metadata": {
            "operationMetadataId": "97c61126-4a10-4d6d-8742-ac85c85d3484"
          },
          "type": "Request",
          "kind": "Button",
          "inputs": {
            "schema": {
              "type": "object",
              "properties": {
                "text": {
                  "type": "string",
                  "x-ms-dynamically-added": true,
                  "description": "Merci tu peux mettre un term",
                  "title": "Yelp_Term",
                  "x-ms-content-hint": "TEXT"
                },
                "text_1": {
                  "type": "string",
                  "x-ms-dynamically-added": true,
                  "description": "Et ici c'est la ville",
                  "title": "Yelp_City",
                  "x-ms-content-hint": "TEXT"
                }
              },
              "required": [
                "text",
                "text_1"
              ]
            },
            "headersSchema": {
              "x-ms-user-name-encoded": {
                "type": "string",
                "title": "User name",
                "format": "byte"
              },
              "x-ms-user-email-encoded": {
                "type": "string",
                "title": "User email",
                "format": "byte"
              },
              "x-ms-user-timestamp": {
                "type": "string",
                "title": "Timestamp"
              }
            }
          }
        }
      },
      "actions": {
        "Search_by_Term": {
          "runAfter": {},
          "metadata": {
            "flowSystemMetadata": {
              "swaggerOperationId": "searchbyterm"
            },
            "operationMetadataId": "6d1a6dfb-4125-45b0-b7d3-da430f0e3b03"
          },
          "type": "ApiConnection",
          "inputs": {
            "host": {
              "connection": {
                "name": "@json(decodeBase64(triggerOutputs().headers['X-MS-APIM-Tokens']))['$connections']['shared_yelp.5f465b8773138e981c.5f9a80b988a805565b_1']['connectionId']"
              }
            },
            "method": "get",
            "path": "/v3/businesses/search",
            "queries": {
              "term": "@triggerBody()['text']",
              "location": "@triggerBody()['text_1']",
              "local": "fr_FR"
            },
            "authentication": {
              "type": "Raw",
              "value": "@json(decodeBase64(triggerOutputs().headers['X-MS-APIM-Tokens']))['$ConnectionKey']"
            }
          }
        },
        "Condition": {
          "actions": {
            "Create_file": {
              "runAfter": {},
              "metadata": {
                "flowSystemMetadata": {
                  "swaggerOperationId": "CreateFile"
                },
                "operationMetadataId": "6910b410-a828-4d82-8267-1376158c5b32"
              },
              "type": "ApiConnection",
              "inputs": {
                "host": {
                  "connection": {
                    "name": "@json(decodeBase64(triggerOutputs().headers['X-MS-APIM-Tokens']))['$connections']['shared_filesystem']['connectionId']"
                  }
                },
                "method": "post",
                "body": "NAME | ADRESSE | CITY | CODE_POSTAL | PHONE\n@{uriComponentToString('%0A')}@{uriComponentToString('%0D')}\n",
                "path": "/datasets/default/files",
                "queries": {
                  "folderPath": "/",
                  "name": "@{concat('YelpFile_', string(formatDateTime(utcNow(),'yymmddhhmmss')) , '.txt')}",
                  "queryParametersSingleEncoded": true
                },
                "authentication": {
                  "type": "Raw",
                  "value": "@json(decodeBase64(triggerOutputs().headers['X-MS-APIM-Tokens']))['$ConnectionKey']"
                }
              }
            },
            "Apply_to_each": {
              "foreach": "@body('Search_by_Term')?['businesses']",
              "actions": {
                "Append_file": {
                  "runAfter": {},
                  "metadata": {
                    "flowSystemMetadata": {
                      "swaggerOperationId": "AppendFile"
                    },
                    "operationMetadataId": "f22caa95-7219-4ded-b945-50b3673acadf"
                  },
                  "type": "ApiConnection",
                  "inputs": {
                    "host": {
                      "connection": {
                        "name": "@json(decodeBase64(triggerOutputs().headers['X-MS-APIM-Tokens']))['$connections']['shared_filesystem']['connectionId']"
                      }
                    },
                    "method": "patch",
                    "body": "@{items('Apply_to_each')?['name']} |`@{items('Apply_to_each')?['location']?['address1']} | @{items('Apply_to_each')?['location']?['city']} | @{items('Apply_to_each')?['location']?['zip_code']} | @{items('Apply_to_each')?['phone']}\n@{uriComponentToString('%0A')}@{uriComponentToString('%0D')}\n",
                    "path": "/datasets/default/files/@{encodeURIComponent(encodeURIComponent(body('Create_file')?['Name']))}",
                    "authentication": {
                      "type": "Raw",
                      "value": "@json(decodeBase64(triggerOutputs().headers['X-MS-APIM-Tokens']))['$ConnectionKey']"
                    }
                  }
                }
              },
              "runAfter": {
                "Create_file": [
                  "Succeeded"
                ]
              },
              "metadata": {
                "operationMetadataId": "62a64d78-5656-4792-b8c9-437dd4a9c998"
              },
              "type": "Foreach"
            }
          },
          "runAfter": {
            "Search_by_Term": [
              "Succeeded"
            ]
          },
          "expression": {
            "greater": [
              "@body('Search_by_Term')?['total']",
              0
            ]
          },
          "metadata": {
            "operationMetadataId": "63b0c26c-c43d-4ba8-aab4-f4fcd46e1a68"
          },
          "type": "If"
        }
      },
      "outputs": {}
    },
    "templateName": ""
  },
  "schemaVersion": "1.0.0.0"
}