<ImportExportXml version="9.2.21013.146" SolutionPackageVersion="9.2" languagecode="1033" generatedBy="CrmLive" xmlns:xsi="http://www.w3.org/2001/XMLSchema-instance">
  <SolutionManifest>
    <UniqueName>CovidHealthCheck</UniqueName>
    <LocalizedNames>
      <LocalizedName description="Covid Health Check" languagecode="1033" />
    </LocalizedNames>
    <Descriptions />
    <Version>1.0.0.7</Version>
    <Managed>0</Managed>
    <Publisher>
      <UniqueName>piebou</UniqueName>
      <LocalizedNames>
        <LocalizedName description="PieBou" languagecode="1033" />
      </LocalizedNames>
      <Descriptions>
        <Description description="PieBou" languagecode="1033" />
      </Descriptions>
      <EMailAddress xsi:nil="true"></EMailAddress>
      <SupportingWebsiteUrl xsi:nil="true"></SupportingWebsiteUrl>
      <CustomizationPrefix>pbo</CustomizationPrefix>
      <CustomizationOptionValuePrefix>64333</CustomizationOptionValuePrefix>
      <Addresses>
        <Address>
          <AddressNumber>1</AddressNumber>
          <AddressTypeCode>1</AddressTypeCode>
          <City xsi:nil="true"></City>
          <County xsi:nil="true"></County>
          <Country xsi:nil="true"></Country>
          <Fax xsi:nil="true"></Fax>
          <FreightTermsCode xsi:nil="true"></FreightTermsCode>
          <ImportSequenceNumber xsi:nil="true"></ImportSequenceNumber>
          <Latitude xsi:nil="true"></Latitude>
          <Line1 xsi:nil="true"></Line1>
          <Line2 xsi:nil="true"></Line2>
          <Line3 xsi:nil="true"></Line3>
          <Longitude xsi:nil="true"></Longitude>
          <Name xsi:nil="true"></Name>
          <PostalCode xsi:nil="true"></PostalCode>
          <PostOfficeBox xsi:nil="true"></PostOfficeBox>
          <PrimaryContactName xsi:nil="true"></PrimaryContactName>
          <ShippingMethodCode>1</ShippingMethodCode>
          <StateOrProvince xsi:nil="true"></StateOrProvince>
          <Telephone1 xsi:nil="true"></Telephone1>
          <Telephone2 xsi:nil="true"></Telephone2>
          <Telephone3 xsi:nil="true"></Telephone3>
          <TimeZoneRuleVersionNumber xsi:nil="true"></TimeZoneRuleVersionNumber>
          <UPSZone xsi:nil="true"></UPSZone>
          <UTCOffset xsi:nil="true"></UTCOffset>
          <UTCConversionTimeZoneCode xsi:nil="true"></UTCConversionTimeZoneCode>
        </Address>
        <Address>
          <AddressNumber>2</AddressNumber>
          <AddressTypeCode>1</AddressTypeCode>
          <City xsi:nil="true"></City>
          <County xsi:nil="true"></County>
          <Country xsi:nil="true"></Country>
          <Fax xsi:nil="true"></Fax>
          <FreightTermsCode xsi:nil="true"></FreightTermsCode>
          <ImportSequenceNumber xsi:nil="true"></ImportSequenceNumber>
          <Latitude xsi:nil="true"></Latitude>
          <Line1 xsi:nil="true"></Line1>
          <Line2 xsi:nil="true"></Line2>
          <Line3 xsi:nil="true"></Line3>
          <Longitude xsi:nil="true"></Longitude>
          <Name xsi:nil="true"></Name>
          <PostalCode xsi:nil="true"></PostalCode>
          <PostOfficeBox xsi:nil="true"></PostOfficeBox>
          <PrimaryContactName xsi:nil="true"></PrimaryContactName>
          <ShippingMethodCode>1</ShippingMethodCode>
          <StateOrProvince xsi:nil="true"></StateOrProvince>
          <Telephone1 xsi:nil="true"></Telephone1>
          <Telephone2 xsi:nil="true"></Telephone2>
          <Telephone3 xsi:nil="true"></Telephone3>
          <TimeZoneRuleVersionNumber xsi:nil="true"></TimeZoneRuleVersionNumber>
          <UPSZone xsi:nil="true"></UPSZone>
          <UTCOffset xsi:nil="true"></UTCOffset>
          <UTCConversionTimeZoneCode xsi:nil="true"></UTCConversionTimeZoneCode>
        </Address>
      </Addresses>
    </Publisher>
    <RootComponents>
      <RootComponent type="1" schemaName="contact" behavior="0" />
      <RootComponent type="1" schemaName="pbo_covidhealthcheck" behavior="0" />
      <RootComponent type="9" schemaName="pbo_howdoyoufeelingeneral" behavior="0" />
      <RootComponent type="9" schemaName="pbo_typeoftemperature" behavior="0" />
      <RootComponent type="29" id="{0257a5c8-4370-eb11-a812-000d3abeac03}" behavior="0" />
      <RootComponent type="29" id="{0ab2ef2e-dd6f-eb11-a812-000d3aaf65e6}" behavior="0" />
      <RootComponent type="29" id="{192efe9a-7c6f-eb11-a812-000d3aaf65e6}" behavior="0" />
      <RootComponent type="29" id="{7b7a5d77-7a40-4109-9d13-771f35434d92}" behavior="0" />
      <RootComponent type="29" id="{7edba36f-4a70-eb11-a812-000d3abeac03}" behavior="0" />
      <RootComponent type="29" id="{8c1467e7-936f-eb11-a812-000d3aaf65e6}" behavior="0" />
      <RootComponent type="29" id="{9ffd2155-4b70-eb11-a812-000d3aaf65e6}" behavior="0" />
      <RootComponent type="29" id="{b6d74ee0-926f-eb11-a812-000d3aaf65e6}" behavior="0" />
      <RootComponent type="29" id="{bab87991-856f-eb11-a812-000d3aaf65e6}" behavior="0" />
      <RootComponent type="29" id="{bed3a737-416a-eb11-a812-000d3a39def2}" behavior="0" />
      <RootComponent type="29" id="{d1b8cc07-5aba-427b-a228-90470e06ce63}" behavior="0" />
      <RootComponent type="29" id="{f2157f0a-926f-eb11-a812-000d3aaf65e6}" behavior="0" />
      <RootComponent type="60" id="{1fed44d1-ae68-4a41-bd2b-f13acac4acfa}" behavior="0" />
      <RootComponent type="60" id="{4cb6a4e7-8ef6-ea11-a815-000d3a2113c1}" behavior="0" />
      <RootComponent type="60" id="{69bf8644-b1ac-4ac4-bc4b-896909075155}" behavior="0" />
      <RootComponent type="60" id="{777e4f29-b164-eb11-a812-000d3ac22ec5}" behavior="0" />
      <RootComponent type="61" schemaName="pbo_/html/covidstat.htm" behavior="0" />
      <RootComponent type="61" schemaName="pbo_/html/simplewebpage.htm" behavior="0" />
      <RootComponent type="61" schemaName="pbo_/img/CovidDailyStatistics.png" behavior="0" />
      <RootComponent type="62" schemaName="pbo_CovidHealthCheck" behavior="0" />
      <RootComponent type="80" schemaName="pbo_CovidHealthCheck" behavior="0" />
    </RootComponents>
    <MissingDependencies>
      <MissingDependency>
        <Required key="0" type="1" schemaName="adx_portallanguage" displayName="Portal Language" solution="MicrosoftPortalBase (9.2.2006.10)" />
        <Dependent key="1" type="10" schemaName="adx_portallanguage_contact" displayName="adx_portallanguage_contact" parentSchemaName="adx_portallanguage" parentDisplayName="Portal Language" />
      </MissingDependency>
      <MissingDependency>
        <Required key="2" type="2" schemaName="adx_portallanguageid" displayName="Portal Language" parentSchemaName="adx_portallanguage" parentDisplayName="Portal Language" solution="MicrosoftPortalBase (9.2.2006.10)" />
        <Dependent key="1" type="10" schemaName="adx_portallanguage_contact" displayName="adx_portallanguage_contact" parentSchemaName="adx_portallanguage" parentDisplayName="Portal Language" />
      </MissingDependency>
      <MissingDependency>
        <Required key="3" type="2" schemaName="adx_name" displayName="Name" parentSchemaName="adx_portallanguage" parentDisplayName="Portal Language" solution="MicrosoftPortalBase (9.2.2006.10)" />
        <Dependent key="1" type="10" schemaName="adx_portallanguage_contact" displayName="adx_portallanguage_contact" parentSchemaName="adx_portallanguage" parentDisplayName="Portal Language" />
      </MissingDependency>
      <MissingDependency>
        <Required key="4" type="2" schemaName="adx_preferredlanguageid" displayName="Preferred Language" parentSchemaName="contact" parentDisplayName="Contact" solution="MicrosoftPortalBase (9.2.2006.10)" />
        <Dependent key="1" type="10" schemaName="adx_portallanguage_contact" displayName="adx_portallanguage_contact" parentSchemaName="adx_portallanguage" parentDisplayName="Portal Language" />
      </MissingDependency>
      <MissingDependency>
        <Required key="1" type="10" schemaName="adx_portallanguage_contact" displayName="adx_portallanguage_contact" parentSchemaName="adx_portallanguage" parentDisplayName="Portal Language" solution="MicrosoftPortalBase (9.2.2006.10)" />
        <Dependent key="1" type="10" schemaName="adx_portallanguage_contact" displayName="adx_portallanguage_contact" parentSchemaName="adx_portallanguage" parentDisplayName="Portal Language" />
      </MissingDependency>
      <MissingDependency>
        <Required key="5" type="1" schemaName="sample_idea" displayName="Idea" solution="InnovationHub (0.0.0.1)" />
        <Dependent key="6" type="10" schemaName="sample_sample_idea_contact" displayName="sample_sample_idea_contact" parentSchemaName="sample_idea" parentDisplayName="Idea" />
      </MissingDependency>
      <MissingDependency>
        <Required key="7" type="2" schemaName="sample_name" displayName="Name" parentSchemaName="sample_idea" parentDisplayName="Idea" solution="InnovationHub (0.0.0.1)" />
        <Dependent key="6" type="10" schemaName="sample_sample_idea_contact" displayName="sample_sample_idea_contact" parentSchemaName="sample_idea" parentDisplayName="Idea" />
      </MissingDependency>
      <MissingDependency>
        <Required key="8" type="2" schemaName="sample_ideaid" displayName="Idea" parentSchemaName="sample_idea" parentDisplayName="Idea" solution="InnovationHub (0.0.0.1)" />
        <Dependent key="6" type="10" schemaName="sample_sample_idea_contact" displayName="sample_sample_idea_contact" parentSchemaName="sample_idea" parentDisplayName="Idea" />
      </MissingDependency>
      <MissingDependency>
        <Required key="9" type="2" schemaName="sample_contributorsid" displayName="Contributors" parentSchemaName="contact" parentDisplayName="Contact" solution="InnovationHub (0.0.0.1)" />
        <Dependent key="6" type="10" schemaName="sample_sample_idea_contact" displayName="sample_sample_idea_contact" parentSchemaName="sample_idea" parentDisplayName="Idea" />
      </MissingDependency>
      <MissingDependency>
        <Required key="6" type="10" schemaName="sample_sample_idea_contact" displayName="sample_sample_idea_contact" parentSchemaName="sample_idea" parentDisplayName="Idea" solution="InnovationHub (0.0.0.1)" />
        <Dependent key="6" type="10" schemaName="sample_sample_idea_contact" displayName="sample_sample_idea_contact" parentSchemaName="sample_idea" parentDisplayName="Idea" />
      </MissingDependency>
      <MissingDependency>
        <Required key="10" type="1" schemaName="environmentvariabledefinition" displayName="Environment Variable Definition" solution="EnvironmentVariables (1.0.2.54)" />
        <Dependent key="11" type="29" displayName="Set Covid Data from HTTP Request" id="{bed3a737-416a-eb11-a812-000d3a39def2}" />
      </MissingDependency>
      <MissingDependency>
        <Required key="12" type="connectionreference" displayName="pbo_sharedcommondataserviceforapps_39cc8" solution="Active" id.connectionreferencelogicalname="pbo_sharedcommondataserviceforapps_39cc8" />
        <Dependent key="11" type="29" displayName="Set Covid Data from HTTP Request" id="{bed3a737-416a-eb11-a812-000d3a39def2}" />
      </MissingDependency>
      <MissingDependency>
        <Required key="10" type="1" schemaName="environmentvariabledefinition" displayName="Environment Variable Definition" solution="EnvironmentVariables (1.0.2.54)" />
        <Dependent key="13" type="29" displayName="Run Dataflow - Envoyer un rapport de fin du Dataflow Import Question Covid" id="{9ffd2155-4b70-eb11-a812-000d3aaf65e6}" />
      </MissingDependency>
      <MissingDependency>
        <Required key="12" type="connectionreference" displayName="pbo_sharedcommondataserviceforapps_39cc8" solution="Active" id.connectionreferencelogicalname="pbo_sharedcommondataserviceforapps_39cc8" />
        <Dependent key="13" type="29" displayName="Run Dataflow - Envoyer un rapport de fin du Dataflow Import Question Covid" id="{9ffd2155-4b70-eb11-a812-000d3aaf65e6}" />
      </MissingDependency>
      <MissingDependency>
        <Required key="14" type="connectionreference" displayName="pbo_sharedoffice365_9d3a9" solution="Active" id.connectionreferencelogicalname="pbo_sharedoffice365_9d3a9" />
        <Dependent key="13" type="29" displayName="Run Dataflow - Envoyer un rapport de fin du Dataflow Import Question Covid" id="{9ffd2155-4b70-eb11-a812-000d3aaf65e6}" />
      </MissingDependency>
      <MissingDependency>
        <Required key="12" type="connectionreference" displayName="pbo_sharedcommondataserviceforapps_39cc8" solution="Active" id.connectionreferencelogicalname="pbo_sharedcommondataserviceforapps_39cc8" />
        <Dependent key="15" type="29" displayName="Test Entity Business Rule" id="{0257a5c8-4370-eb11-a812-000d3abeac03}" />
      </MissingDependency>
      <MissingDependency>
        <Required key="16" type="1" schemaName="seagus_seaguslivre" displayName="Seagus Livre" solution="Active" />
        <Dependent key="17" type="60" displayName="Information" parentDisplayName="Contact" id="{894cc46a-b0cb-4ab0-8bf6-200544e46a2d}" />
      </MissingDependency>
      <MissingDependency>
        <Required key="18" type="26" schemaName="Active Seagus Livres" displayName="Active Seagus Livres" parentSchemaName="seagus_seaguslivre" parentDisplayName="Seagus Livre" solution="Active" id="{384c3e9a-1119-46da-b34a-562327c9a0cf}" />
        <Dependent key="17" type="60" displayName="Information" parentDisplayName="Contact" id="{894cc46a-b0cb-4ab0-8bf6-200544e46a2d}" />
      </MissingDependency>
      <MissingDependency>
        <Required key="17" type="60" displayName="Information" parentDisplayName="Contact" solution="msdynce_AppCommon (9.0.4.0066)" id="{894cc46a-b0cb-4ab0-8bf6-200544e46a2d}" />
        <Dependent key="17" type="60" displayName="Information" parentDisplayName="Contact" id="{894cc46a-b0cb-4ab0-8bf6-200544e46a2d}" />
      </MissingDependency>
      <MissingDependency>
        <Required key="19" type="61" schemaName="AppCommon/Contact/Contact_main_system_library.js" displayName="AppCommon/Contact/Contact_main_system_library.js" solution="msdynce_AppCommon (9.0.4.0066)" />
        <Dependent key="17" type="60" displayName="Information" parentDisplayName="Contact" id="{894cc46a-b0cb-4ab0-8bf6-200544e46a2d}" />
      </MissingDependency>
      <MissingDependency>
        <Required key="20" type="1" schemaName="adx_externalidentity" displayName="External Identity" solution="MicrosoftIdentity (9.2.2006.0)" />
        <Dependent key="21" type="60" displayName="Portal Contact" parentDisplayName="Contact" id="{3fb651a5-cdbf-46c9-87fb-d2c748662bb8}" />
      </MissingDependency>
      <MissingDependency>
        <Required key="22" type="2" schemaName="adx_identity_emailaddress1confirmed" displayName="Email Confirmed" parentSchemaName="contact" parentDisplayName="Contact" solution="MicrosoftIdentity (9.2.2006.0)" />
        <Dependent key="21" type="60" displayName="Portal Contact" parentDisplayName="Contact" id="{3fb651a5-cdbf-46c9-87fb-d2c748662bb8}" />
      </MissingDependency>
      <MissingDependency>
        <Required key="23" type="2" schemaName="adx_identity_lockoutenabled" displayName="Lockout Enabled" parentSchemaName="contact" parentDisplayName="Contact" solution="MicrosoftIdentity (9.2.2006.0)" />
        <Dependent key="21" type="60" displayName="Portal Contact" parentDisplayName="Contact" id="{3fb651a5-cdbf-46c9-87fb-d2c748662bb8}" />
      </MissingDependency>
      <MissingDependency>
        <Required key="24" type="2" schemaName="adx_identity_logonenabled" displayName="Login Enabled" parentSchemaName="contact" parentDisplayName="Contact" solution="MicrosoftIdentity (9.2.2006.0)" />
        <Dependent key="21" type="60" displayName="Portal Contact" parentDisplayName="Contact" id="{3fb651a5-cdbf-46c9-87fb-d2c748662bb8}" />
      </MissingDependency>
      <MissingDependency>
        <Required key="25" type="2" schemaName="adx_identity_username" displayName="User Name" parentSchemaName="contact" parentDisplayName="Contact" solution="MicrosoftIdentity (9.2.2006.0)" />
        <Dependent key="21" type="60" displayName="Portal Contact" parentDisplayName="Contact" id="{3fb651a5-cdbf-46c9-87fb-d2c748662bb8}" />
      </MissingDependency>
      <MissingDependency>
        <Required key="26" type="2" schemaName="adx_identity_twofactorenabled" displayName="Two Factor Enabled" parentSchemaName="contact" parentDisplayName="Contact" solution="MicrosoftIdentity (9.2.2006.0)" />
        <Dependent key="21" type="60" displayName="Portal Contact" parentDisplayName="Contact" id="{3fb651a5-cdbf-46c9-87fb-d2c748662bb8}" />
      </MissingDependency>
      <MissingDependency>
        <Required key="27" type="2" schemaName="adx_identity_securitystamp" displayName="Security Stamp" parentSchemaName="contact" parentDisplayName="Contact" solution="MicrosoftIdentity (9.2.2006.0)" />
        <Dependent key="21" type="60" displayName="Portal Contact" parentDisplayName="Contact" id="{3fb651a5-cdbf-46c9-87fb-d2c748662bb8}" />
      </MissingDependency>
      <MissingDependency>
        <Required key="28" type="2" schemaName="adx_identity_lockoutenddate" displayName="Lockout End Date" parentSchemaName="contact" parentDisplayName="Contact" solution="MicrosoftIdentity (9.2.2006.0)" />
        <Dependent key="21" type="60" displayName="Portal Contact" parentDisplayName="Contact" id="{3fb651a5-cdbf-46c9-87fb-d2c748662bb8}" />
      </MissingDependency>
      <MissingDependency>
        <Required key="29" type="2" schemaName="adx_identity_locallogindisabled" displayName="Local Login Disabled" parentSchemaName="contact" parentDisplayName="Contact" solution="MicrosoftIdentity (9.2.2006.0)" />
        <Dependent key="21" type="60" displayName="Portal Contact" parentDisplayName="Contact" id="{3fb651a5-cdbf-46c9-87fb-d2c748662bb8}" />
      </MissingDependency>
      <MissingDependency>
        <Required key="30" type="2" schemaName="adx_identity_accessfailedcount" displayName="Access Failed Count" parentSchemaName="contact" parentDisplayName="Contact" solution="MicrosoftIdentity (9.2.2006.0)" />
        <Dependent key="21" type="60" displayName="Portal Contact" parentDisplayName="Contact" id="{3fb651a5-cdbf-46c9-87fb-d2c748662bb8}" />
      </MissingDependency>
      <MissingDependency>
        <Required key="31" type="2" schemaName="adx_timezone" displayName="Time Zone" parentSchemaName="contact" parentDisplayName="Contact" solution="MicrosoftPortalDependencies (9.2.10.0)" />
        <Dependent key="21" type="60" displayName="Portal Contact" parentDisplayName="Contact" id="{3fb651a5-cdbf-46c9-87fb-d2c748662bb8}" />
      </MissingDependency>
      <MissingDependency>
        <Required key="32" type="2" schemaName="adx_identity_mobilephoneconfirmed" displayName="Mobile Phone Confirmed" parentSchemaName="contact" parentDisplayName="Contact" solution="MicrosoftIdentity (9.2.2006.0)" />
        <Dependent key="21" type="60" displayName="Portal Contact" parentDisplayName="Contact" id="{3fb651a5-cdbf-46c9-87fb-d2c748662bb8}" />
      </MissingDependency>
      <MissingDependency>
        <Required key="33" type="10" schemaName="adx_contact_externalidentity" displayName="adx_contact_externalidentity" parentSchemaName="contact" parentDisplayName="Contact" solution="MicrosoftIdentity (9.2.2006.0)" />
        <Dependent key="21" type="60" displayName="Portal Contact" parentDisplayName="Contact" id="{3fb651a5-cdbf-46c9-87fb-d2c748662bb8}" />
      </MissingDependency>
      <MissingDependency>
        <Required key="34" type="26" schemaName="Active External Identities" displayName="Active External Identities" parentSchemaName="adx_externalidentity" parentDisplayName="External Identity" solution="MicrosoftIdentity (9.2.2006.0)" id="{93fe9ed1-cabf-4755-9f63-4f3f989084e6}" />
        <Dependent key="21" type="60" displayName="Portal Contact" parentDisplayName="Contact" id="{3fb651a5-cdbf-46c9-87fb-d2c748662bb8}" />
      </MissingDependency>
      <MissingDependency>
        <Required key="21" type="60" displayName="Portal Contact" parentDisplayName="Contact" solution="MicrosoftPortalDependencies (9.2.10.0)" id="{3fb651a5-cdbf-46c9-87fb-d2c748662bb8}" />
        <Dependent key="21" type="60" displayName="Portal Contact" parentDisplayName="Contact" id="{3fb651a5-cdbf-46c9-87fb-d2c748662bb8}" />
      </MissingDependency>
      <MissingDependency>
        <Required key="19" type="61" schemaName="AppCommon/Contact/Contact_main_system_library.js" displayName="AppCommon/Contact/Contact_main_system_library.js" solution="msdynce_AppCommon (9.0.4.0066)" />
        <Dependent key="21" type="60" displayName="Portal Contact" parentDisplayName="Contact" id="{3fb651a5-cdbf-46c9-87fb-d2c748662bb8}" />
      </MissingDependency>
      <MissingDependency>
        <Required key="4" type="2" schemaName="adx_preferredlanguageid" displayName="Preferred Language" parentSchemaName="contact" parentDisplayName="Contact" solution="MicrosoftPortalBase (9.2.2006.10)" />
        <Dependent key="35" type="60" displayName="Profile Web Form - Japanese" parentDisplayName="Contact" id="{36cc830c-eeab-4a89-a7c9-da2ac6c451a1}" />
      </MissingDependency>
      <MissingDependency>
        <Required key="36" type="2" schemaName="adx_publicprofilecopy" displayName="Public Profile Copy" parentSchemaName="contact" parentDisplayName="Contact" solution="MicrosoftPortalBase (9.2.2006.10)" />
        <Dependent key="35" type="60" displayName="Profile Web Form - Japanese" parentDisplayName="Contact" id="{36cc830c-eeab-4a89-a7c9-da2ac6c451a1}" />
      </MissingDependency>
      <MissingDependency>
        <Required key="37" type="2" schemaName="adx_organizationname" displayName="Organization Name" parentSchemaName="contact" parentDisplayName="Contact" solution="MicrosoftPortalDependencies (9.2.10.0)" />
        <Dependent key="35" type="60" displayName="Profile Web Form - Japanese" parentDisplayName="Contact" id="{36cc830c-eeab-4a89-a7c9-da2ac6c451a1}" />
      </MissingDependency>
      <MissingDependency>
        <Required key="1" type="10" schemaName="adx_portallanguage_contact" displayName="adx_portallanguage_contact" parentSchemaName="adx_portallanguage" parentDisplayName="Portal Language" solution="MicrosoftPortalBase (9.2.2006.10)" />
        <Dependent key="35" type="60" displayName="Profile Web Form - Japanese" parentDisplayName="Contact" id="{36cc830c-eeab-4a89-a7c9-da2ac6c451a1}" />
      </MissingDependency>
      <MissingDependency>
        <Required key="38" type="26" schemaName="Portal Language Lookup View" displayName="Portal Language Lookup View" parentSchemaName="adx_portallanguage" parentDisplayName="Portal Language" solution="MicrosoftPortalBase (9.2.2006.10)" id="{149fcc45-44b7-4ba5-92a8-4776b133d015}" />
        <Dependent key="35" type="60" displayName="Profile Web Form - Japanese" parentDisplayName="Contact" id="{36cc830c-eeab-4a89-a7c9-da2ac6c451a1}" />
      </MissingDependency>
      <MissingDependency>
        <Required key="39" type="26" schemaName="Web Portal Language" displayName="Web Portal Language" parentSchemaName="adx_portallanguage" parentDisplayName="Portal Language" solution="MicrosoftPortalBase (9.2.2006.10)" id="{1327acc1-258a-e611-80d6-00155d88dbcb}" />
        <Dependent key="35" type="60" displayName="Profile Web Form - Japanese" parentDisplayName="Contact" id="{36cc830c-eeab-4a89-a7c9-da2ac6c451a1}" />
      </MissingDependency>
      <MissingDependency>
        <Required key="35" type="60" displayName="Profile Web Form - Japanese" parentDisplayName="Contact" solution="MicrosoftPortalBase (9.2.2006.10)" id="{36cc830c-eeab-4a89-a7c9-da2ac6c451a1}" />
        <Dependent key="35" type="60" displayName="Profile Web Form - Japanese" parentDisplayName="Contact" id="{36cc830c-eeab-4a89-a7c9-da2ac6c451a1}" />
      </MissingDependency>
      <MissingDependency>
        <Required key="37" type="2" schemaName="adx_organizationname" displayName="Organization Name" parentSchemaName="contact" parentDisplayName="Contact" solution="MicrosoftPortalDependencies (9.2.10.0)" />
        <Dependent key="40" type="60" displayName="Profile Web Form" parentDisplayName="Contact" id="{0bd832d5-9d6a-456d-bdc1-21129e82cc0f}" />
      </MissingDependency>
      <MissingDependency>
        <Required key="4" type="2" schemaName="adx_preferredlanguageid" displayName="Preferred Language" parentSchemaName="contact" parentDisplayName="Contact" solution="MicrosoftPortalBase (9.2.2006.10)" />
        <Dependent key="40" type="60" displayName="Profile Web Form" parentDisplayName="Contact" id="{0bd832d5-9d6a-456d-bdc1-21129e82cc0f}" />
      </MissingDependency>
      <MissingDependency>
        <Required key="36" type="2" schemaName="adx_publicprofilecopy" displayName="Public Profile Copy" parentSchemaName="contact" parentDisplayName="Contact" solution="MicrosoftPortalBase (9.2.2006.10)" />
        <Dependent key="40" type="60" displayName="Profile Web Form" parentDisplayName="Contact" id="{0bd832d5-9d6a-456d-bdc1-21129e82cc0f}" />
      </MissingDependency>
      <MissingDependency>
        <Required key="1" type="10" schemaName="adx_portallanguage_contact" displayName="adx_portallanguage_contact" parentSchemaName="adx_portallanguage" parentDisplayName="Portal Language" solution="MicrosoftPortalBase (9.2.2006.10)" />
        <Dependent key="40" type="60" displayName="Profile Web Form" parentDisplayName="Contact" id="{0bd832d5-9d6a-456d-bdc1-21129e82cc0f}" />
      </MissingDependency>
      <MissingDependency>
        <Required key="39" type="26" schemaName="Web Portal Language" displayName="Web Portal Language" parentSchemaName="adx_portallanguage" parentDisplayName="Portal Language" solution="MicrosoftPortalBase (9.2.2006.10)" id="{1327acc1-258a-e611-80d6-00155d88dbcb}" />
        <Dependent key="40" type="60" displayName="Profile Web Form" parentDisplayName="Contact" id="{0bd832d5-9d6a-456d-bdc1-21129e82cc0f}" />
      </MissingDependency>
      <MissingDependency>
        <Required key="38" type="26" schemaName="Portal Language Lookup View" displayName="Portal Language Lookup View" parentSchemaName="adx_portallanguage" parentDisplayName="Portal Language" solution="MicrosoftPortalBase (9.2.2006.10)" id="{149fcc45-44b7-4ba5-92a8-4776b133d015}" />
        <Dependent key="40" type="60" displayName="Profile Web Form" parentDisplayName="Contact" id="{0bd832d5-9d6a-456d-bdc1-21129e82cc0f}" />
      </MissingDependency>
      <MissingDependency>
        <Required key="40" type="60" displayName="Profile Web Form" parentDisplayName="Contact" solution="MicrosoftPortalBase (9.2.2006.10)" id="{0bd832d5-9d6a-456d-bdc1-21129e82cc0f}" />
        <Dependent key="40" type="60" displayName="Profile Web Form" parentDisplayName="Contact" id="{0bd832d5-9d6a-456d-bdc1-21129e82cc0f}" />
      </MissingDependency>
      <MissingDependency>
        <Required key="19" type="61" schemaName="AppCommon/Contact/Contact_main_system_library.js" displayName="AppCommon/Contact/Contact_main_system_library.js" solution="msdynce_AppCommon (9.0.4.0066)" />
        <Dependent key="40" type="60" displayName="Profile Web Form" parentDisplayName="Contact" id="{0bd832d5-9d6a-456d-bdc1-21129e82cc0f}" />
      </MissingDependency>
      <MissingDependency>
        <Required key="41" type="60" displayName="Contact" parentDisplayName="Contact" solution="msdynce_AppCommon (9.0.4.0066)" id="{1fed44d1-ae68-4a41-bd2b-f13acac4acfa}" />
        <Dependent key="41" type="60" displayName="Contact" parentDisplayName="Contact" id="{1fed44d1-ae68-4a41-bd2b-f13acac4acfa}" />
      </MissingDependency>
      <MissingDependency>
        <Required key="42" type="66" schemaName="MscrmControls.CardFeedContainer.CardFeedContainer" displayName="MscrmControls.CardFeedContainer.CardFeedContainer" solution="BaseCustomControlsCore (9.0.2101.3012)" />
        <Dependent key="41" type="60" displayName="Contact" parentDisplayName="Contact" id="{1fed44d1-ae68-4a41-bd2b-f13acac4acfa}" />
      </MissingDependency>
      <MissingDependency>
        <Required key="19" type="61" schemaName="AppCommon/Contact/Contact_main_system_library.js" displayName="AppCommon/Contact/Contact_main_system_library.js" solution="msdynce_AppCommon (9.0.4.0066)" />
        <Dependent key="41" type="60" displayName="Contact" parentDisplayName="Contact" id="{1fed44d1-ae68-4a41-bd2b-f13acac4acfa}" />
      </MissingDependency>
      <MissingDependency>
        <Required key="43" type="60" displayName="Invite Web Form" parentDisplayName="Contact" solution="MicrosoftPortalBase (9.2.2006.10)" id="{d6190b35-9474-4098-9698-33f6627eb3bf}" />
        <Dependent key="43" type="60" displayName="Invite Web Form" parentDisplayName="Contact" id="{d6190b35-9474-4098-9698-33f6627eb3bf}" />
      </MissingDependency>
      <MissingDependency>
        <Required key="19" type="61" schemaName="AppCommon/Contact/Contact_main_system_library.js" displayName="AppCommon/Contact/Contact_main_system_library.js" solution="msdynce_AppCommon (9.0.4.0066)" />
        <Dependent key="43" type="60" displayName="Invite Web Form" parentDisplayName="Contact" id="{d6190b35-9474-4098-9698-33f6627eb3bf}" />
      </MissingDependency>
      <MissingDependency>
        <Required key="44" type="66" schemaName="MscrmControls.FieldControls.ToggleControl" displayName="MscrmControls.FieldControls.ToggleControl" solution="BaseCustomControlsCore (9.0.2101.3012)" />
        <Dependent key="45" type="60" displayName=" Covid Health Check" parentDisplayName="Covid Health Check" id="{69bf8644-b1ac-4ac4-bc4b-896909075155}" />
      </MissingDependency>
      <MissingDependency>
        <Required key="46" type="66" schemaName="MscrmControls.RichTextEditor.RichTextEditorControl" displayName="MscrmControls.RichTextEditor.RichTextEditorControl" solution="msdyn_RichTextEditor (1.0.0.546)" />
        <Dependent key="45" type="60" displayName=" Covid Health Check" parentDisplayName="Covid Health Check" id="{69bf8644-b1ac-4ac4-bc4b-896909075155}" />
      </MissingDependency>
      <MissingDependency>
        <Required key="47" type="1" schemaName="adx_invitation" displayName="Invitation" solution="MicrosoftPortalBase (9.2.2006.10)" />
        <Dependent key="48" type="1" schemaName="contact" displayName="Contact" />
      </MissingDependency>
      <MissingDependency>
        <Required key="49" type="1" schemaName="adx_webpagehistory" displayName="Web Page History" solution="MicrosoftPortalBase (9.2.2006.10)" />
        <Dependent key="48" type="1" schemaName="contact" displayName="Contact" />
      </MissingDependency>
      <MissingDependency>
        <Required key="50" type="1" schemaName="adx_pagenotification" displayName="Page Notification" solution="MicrosoftPortalBase (9.2.2006.10)" />
        <Dependent key="48" type="1" schemaName="contact" displayName="Contact" />
      </MissingDependency>
      <MissingDependency>
        <Required key="51" type="1" schemaName="adx_bpf_c2857b638fa7473d8e2f112c232cebd8" displayName="Change Password for Portals Contact" solution="MicrosoftIdentity (9.2.2006.0)" />
        <Dependent key="48" type="1" schemaName="contact" displayName="Contact" />
      </MissingDependency>
      <MissingDependency>
        <Required key="52" type="1" schemaName="adx_pollsubmission" displayName="Poll Submission" solution="MicrosoftPortalBase (9.2.2006.10)" />
        <Dependent key="48" type="1" schemaName="contact" displayName="Contact" />
      </MissingDependency>
      <MissingDependency>
        <Required key="53" type="1" schemaName="adx_webpage" displayName="Web Page" solution="MicrosoftPortalDependencies (9.2.10.0)" />
        <Dependent key="48" type="1" schemaName="contact" displayName="Contact" />
      </MissingDependency>
      <MissingDependency>
        <Required key="54" type="1" schemaName="adx_webformsession" displayName="Web Form Session" solution="MicrosoftPortalWebForms (9.2.2006.0)" />
        <Dependent key="48" type="1" schemaName="contact" displayName="Contact" />
      </MissingDependency>
      <MissingDependency>
        <Required key="55" type="1" schemaName="cr7fd_livepl900_wave" displayName="LivePL900_WAve" solution="Active" />
        <Dependent key="48" type="1" schemaName="contact" displayName="Contact" />
      </MissingDependency>
      <MissingDependency>
        <Required key="56" type="1" schemaName="adx_webfilelog" displayName="Web File Log" solution="MicrosoftPortalBase (9.2.2006.10)" />
        <Dependent key="48" type="1" schemaName="contact" displayName="Contact" />
      </MissingDependency>
      <MissingDependency>
        <Required key="57" type="1" schemaName="adx_pagealert" displayName="Page Alert" solution="MicrosoftPortalBase (9.2.2006.10)" />
        <Dependent key="48" type="1" schemaName="contact" displayName="Contact" />
      </MissingDependency>
      <MissingDependency>
        <Required key="58" type="1" schemaName="adx_webpagelog" displayName="Web Page Log" solution="MicrosoftPortalBase (9.2.2006.10)" />
        <Dependent key="48" type="1" schemaName="contact" displayName="Contact" />
      </MissingDependency>
      <MissingDependency>
        <Required key="20" type="1" schemaName="adx_externalidentity" displayName="External Identity" solution="MicrosoftIdentity (9.2.2006.0)" />
        <Dependent key="48" type="1" schemaName="contact" displayName="Contact" />
      </MissingDependency>
      <MissingDependency>
        <Required key="59" type="2" schemaName="msa_managingpartnerid" displayName="Managing Partner" parentSchemaName="contact" parentDisplayName="Contact" solution="MicrosoftPortalDependencies (9.2.10.0)" />
        <Dependent key="60" type="2" schemaName="parentcustomerid" displayName="Company Name" parentSchemaName="contact" parentDisplayName="Contact" />
      </MissingDependency>
      <MissingDependency>
        <Required key="61" type="10" schemaName="msa_contact_managingpartner" displayName="msa_contact_managingpartner" parentSchemaName="account" parentDisplayName="Account" solution="MicrosoftPortalDependencies (9.2.10.0)" />
        <Dependent key="62" type="2" schemaName="msa_managingpartneridname" parentSchemaName="contact" parentDisplayName="Contact" />
      </MissingDependency>
      <MissingDependency>
        <Required key="1" type="10" schemaName="adx_portallanguage_contact" displayName="adx_portallanguage_contact" parentSchemaName="adx_portallanguage" parentDisplayName="Portal Language" solution="MicrosoftPortalBase (9.2.2006.10)" />
        <Dependent key="63" type="2" schemaName="adx_preferredlanguageidname" parentSchemaName="contact" parentDisplayName="Contact" />
      </MissingDependency>
      <MissingDependency>
        <Required key="61" type="10" schemaName="msa_contact_managingpartner" displayName="msa_contact_managingpartner" parentSchemaName="account" parentDisplayName="Account" solution="MicrosoftPortalDependencies (9.2.10.0)" />
        <Dependent key="64" type="2" schemaName="msa_managingpartneridyominame" parentSchemaName="contact" parentDisplayName="Contact" />
      </MissingDependency>
      <MissingDependency>
        <Required key="6" type="10" schemaName="sample_sample_idea_contact" displayName="sample_sample_idea_contact" parentSchemaName="sample_idea" parentDisplayName="Idea" solution="InnovationHub (0.0.0.1)" />
        <Dependent key="65" type="2" schemaName="sample_contributorsidname" parentSchemaName="contact" parentDisplayName="Contact" />
      </MissingDependency>
      <MissingDependency>
        <Required key="66" type="61" schemaName="msdyn_/Images/AppModule_Default_Icon.png" displayName="msdyn_/Images/AppModule_Default_Icon.png" solution="AppModuleWebResources (2.5)" />
        <Dependent key="67" type="80" schemaName="pbo_CovidHealthCheck" displayName="Covid Health Check" />
      </MissingDependency>
    </MissingDependencies>
  </SolutionManifest>
</ImportExportXml>