{"properties":{"connectionReferences":{"shared_approvals":{"runtimeSource":"embedded","connection":{"connectionReferenceLogicalName":"pbo_sharedapprovals_f46f3"},"api":{"name":"shared_approvals"}},"shared_commondataserviceforapps":{"runtimeSource":"embedded","connection":{"connectionReferenceLogicalName":"pbo_sharedcommondataserviceforapps_39cc8"},"api":{"name":"shared_commondataserviceforapps"}}},"definition":{"$schema":"https://schema.management.azure.com/providers/Microsoft.Logic/schemas/2016-06-01/workflowdefinition.json#","contentVersion":"1.0.0.0","parameters":{"$connections":{"defaultValue":{},"type":"Object"},"$authentication":{"defaultValue":{},"type":"SecureObject"}},"staticResults":{"Start_and_wait_for_an_approval0":{"status":"Succeeded","outputs":{"statusCode":"OK","headers":{}}}},"triggers":{"manual":{"type":"Request","kind":"Http","inputs":{"schema":{"type":"object","properties":{"First Name":{"type":"string"},"Last Name":{"type":"string"},"Email":{"type":"string"},"CheckDate":{"type":"string"},"No Symptoms":{"type":"boolean"},"Cough":{"type":"boolean"},"Fever":{"type":"boolean"},"Has Traveled":{"type":"boolean"},"How do you feel":{"type":"string"}}},"method":"POST","relativePath":"/CovidData/{Token}"}}},"actions":{"Security_Check":{"actions":{"Start_and_wait_for_COVID_approval":{"runAfter":{},"type":"OpenApiConnectionWebhook","inputs":{"host":{"connectionName":"shared_approvals","operationId":"StartAndWaitForAnApproval","apiId":"/providers/Microsoft.PowerApps/apis/shared_approvals"},"parameters":{"approvalType":"Basic","WebhookApprovalCreationInput/title":"Validate COVID for @{variables('varFullName')}","WebhookApprovalCreationInput/assignedTo":"@{variables('varEmailChecker')};","WebhookApprovalCreationInput/details":"Bonjour,\nMerci de valider les données de \n| Donnée | Valeur |\n| - | - | \n| Full Name | @{variables('varFullName')} |\n| Email | @{triggerBody()?['Email']} |\n| Check Date | @{triggerBody()?['CheckDate']} |\n| Has Traveled | @{triggerBody()?['Has Traveled']} |\n| Fever | @{triggerBody()?['Fever']} |\n| Cough | @{triggerBody()?['Cough']} |\n| No Symptoms | @{triggerBody()?['No Symptoms']} |\n| How do you feel | @{triggerBody()?['How do you feel']}|","WebhookApprovalCreationInput/enableNotifications":true,"WebhookApprovalCreationInput/enableReassignment":true},"authentication":"@parameters('$authentication')"},"runtimeConfiguration":{"staticResult":{"staticResultOptions":"Disabled","name":"Start_and_wait_for_an_approval0"}}},"Condition":{"actions":{"New_Covid_Health_Checks_record":{"runAfter":{},"type":"OpenApiConnection","inputs":{"host":{"connectionName":"shared_commondataserviceforapps","operationId":"CreateRecord","apiId":"/providers/Microsoft.PowerApps/apis/shared_commondataserviceforapps"},"parameters":{"entityName":"pbo_covidhealthchecks","item/pbo_name":"@variables('varFullName')","item/pbo_check_date":"@triggerBody()?['CheckDate']","item/pbo_is_cough":"@triggerBody()?['Cough']","item/pbo_email":"@triggerBody()?['Email']","item/pbo_is_fever":"@triggerBody()?['Fever']","item/pbo_is_has_traveled":"@triggerBody()?['Has Traveled']","item/pbo_how_feeling":858910001},"authentication":"@parameters('$authentication')"}},"HTTP_Response_-_200_Success":{"runAfter":{"New_Covid_Health_Checks_record":["Succeeded"]},"type":"Response","kind":"Http","inputs":{"statusCode":200,"body":{"success":"true","message":"","CreatedId":"@outputs('New_Covid_Health_Checks_record')?['body/pbo_covidhealthcheckid']"}}},"HTTP_Response_-_400_Bad_Request_-_Dataverse_error":{"runAfter":{"New_Covid_Health_Checks_record":["Failed","TimedOut","Skipped"]},"type":"Response","kind":"Http","inputs":{"statusCode":400,"body":{"success":"false","message":"Impossible to create record in Dataverse","createdId":"none"}}}},"runAfter":{"Start_and_wait_for_COVID_approval":["Succeeded"]},"else":{"actions":{"HTTP_Response_-_200_Success_-_Approval_Negative":{"runAfter":{},"type":"Response","kind":"Http","inputs":{"statusCode":200,"body":{"success":"false","message":"Your COVID Health Check was not accepted","createdId":"none"}}}}},"expression":{"equals":["@outputs('Start_and_wait_for_COVID_approval')?['body/outcome']","Approve"]},"type":"If"}},"runAfter":{"Environement_-_Apply_to_each":["Succeeded"]},"else":{"actions":{"HTTP_Response_-_401_Unauthorized":{"runAfter":{},"type":"Response","kind":"Http","inputs":{"statusCode":401,"body":"Unauthorized access"}}}},"expression":{"equals":["@triggerOutputs()['relativePathParameters']['Token']","@variables('varToken')"]},"type":"If"},"Initialize_varFullName":{"runAfter":{},"type":"InitializeVariable","inputs":{"variables":[{"name":"varFullName","type":"string","value":"@{concat(triggerBody()?['First Name'], ' ', triggerBody()?['Last Name'])}"}]}},"List_Environement_Variables_for_PA":{"runAfter":{"Initialize_varEmailChecker":["Succeeded"]},"type":"OpenApiConnection","inputs":{"host":{"connectionName":"shared_commondataserviceforapps","operationId":"ListRecords","apiId":"/providers/Microsoft.PowerApps/apis/shared_commondataserviceforapps"},"parameters":{"entityName":"environmentvariabledefinitions","fetchXml":"<fetch top=\"50\" >\n  <entity name=\"environmentvariabledefinition\" >\n    <attribute name=\"displayname\" />\n    <filter>\n      <condition attribute=\"displayname\" operator=\"like\" value=\"pa%\" />\n    </filter>\n    <link-entity name=\"environmentvariablevalue\" from=\"environmentvariabledefinitionid\" to=\"environmentvariabledefinitionid\" link-type=\"inner\" >\n      <attribute name=\"value\" />\n    </link-entity>\n  </entity>\n</fetch>"},"authentication":"@parameters('$authentication')"}},"Initialize_varToken":{"runAfter":{"Initialize_varFullName":["Succeeded"]},"type":"InitializeVariable","inputs":{"variables":[{"name":"varToken","type":"string"}]}},"Initialize_varEmailChecker":{"runAfter":{"Initialize_varToken":["Succeeded"]},"type":"InitializeVariable","inputs":{"variables":[{"name":"varEmailChecker","type":"string"}]}},"Environement_-_Apply_to_each":{"foreach":"@outputs('List_Environement_Variables_for_PA')?['body/value']","actions":{"Switch":{"runAfter":{},"cases":{"Set_paExternalToken":{"case":"paExternalToken","actions":{"Set_variable_2":{"runAfter":{},"type":"SetVariable","inputs":{"name":"varToken","value":"@{items('Environement_-_Apply_to_each')?['environmentvariablevalue1.value']}"}}}},"Set_paEmailCheck":{"case":"paEmailCheck","actions":{"Set_variable_3":{"runAfter":{},"type":"SetVariable","inputs":{"name":"varEmailChecker","value":"@{items('Environement_-_Apply_to_each')?['environmentvariablevalue1.value']}"}}}}},"default":{"actions":{}},"expression":"@items('Environement_-_Apply_to_each')?['displayname']","type":"Switch"}},"runAfter":{"List_Environement_Variables_for_PA":["Succeeded"]},"type":"Foreach"}},"outputs":{}}},"schemaVersion":"1.0.0.0"}