{"properties":{"connectionReferences":{"shared_salesforce":{"runtimeSource":"invoker","connection":{},"api":{"name":"shared_salesforce"}},"shared_commondataservice":{"runtimeSource":"invoker","connection":{},"api":{"name":"shared_commondataservice"}}},"definition":{"$schema":"https://schema.management.azure.com/providers/Microsoft.Logic/schemas/2016-06-01/workflowdefinition.json#","contentVersion":"1.0.0.0","parameters":{"$connections":{"defaultValue":{},"type":"Object"},"$authentication":{"defaultValue":{},"type":"SecureObject"}},"triggers":{"manual":{"type":"Request","kind":"PowerApp","inputs":{"schema":{"type":"object","properties":{"GetSFDCOpty_RecordId":{"type":"string","description":"item key","x-ms-powerflows-param-ispartial":false}},"required":["GetSFDCOpty_RecordId"]}}}},"actions":{"Get_SFDC_Opty":{"runAfter":{"Initialize_CreatedOptyID":["Succeeded"]},"type":"OpenApiConnection","inputs":{"host":{"apiId":"/providers/Microsoft.PowerApps/apis/shared_salesforce","connectionName":"shared_salesforce","operationId":"GetItem_V2"},"parameters":{"table":"Opportunity","id":"@triggerBody()['GetSFDCOpty_RecordId']"},"authentication":{"value":"@json(decodeBase64(triggerOutputs().headers['X-MS-APIM-Tokens']))['$ConnectionKey']","type":"Raw"}}},"Get_DYNA_Account":{"runAfter":{"Get_SFDC_Account":["Succeeded"]},"type":"OpenApiConnection","inputs":{"host":{"apiId":"/providers/Microsoft.PowerApps/apis/shared_commondataservice","connectionName":"shared_commondataservice","operationId":"GetItems_V2"},"parameters":{"dataset":"default.cds","table":"accounts","$filter":"accountnumber eq '@{outputs('Get_SFDC_Account')?['body/AccountNumber']}'"},"authentication":{"value":"@json(decodeBase64(triggerOutputs().headers['X-MS-APIM-Tokens']))['$ConnectionKey']","type":"Raw"}}},"Get_SFDC_Account":{"runAfter":{"Get_SFDC_Opty":["Succeeded"]},"type":"OpenApiConnection","inputs":{"host":{"apiId":"/providers/Microsoft.PowerApps/apis/shared_salesforce","connectionName":"shared_salesforce","operationId":"GetItem_V2"},"parameters":{"table":"Account","id":"@outputs('Get_SFDC_Opty')?['body/AccountId']"},"authentication":{"value":"@json(decodeBase64(triggerOutputs().headers['X-MS-APIM-Tokens']))['$ConnectionKey']","type":"Raw"}}},"For_Each_Account":{"foreach":"@outputs('Get_DYNA_Account')?['body/value']","actions":{"Try_to_Create_Opty":{"actions":{"Create_DYNA_Opty":{"runAfter":{},"type":"OpenApiConnection","inputs":{"host":{"apiId":"/providers/Microsoft.PowerApps/apis/shared_commondataservice","connectionName":"shared_commondataservice","operationId":"PostItem_V2"},"parameters":{"dataset":"org44ebbca8.crm4","table":"opportunities","item/name":"@outputs('Get_SFDC_Opty')?['body/Name']","item/_transactioncurrencyid_value":"@items('For_Each_Account')?['_transactioncurrencyid_value']","item/_customerid_value":"@items('For_Each_Account')?['accountid']","item/_customerid_type":"accounts","item/budgetamount":"@outputs('Get_SFDC_Opty')?['body/ExpectedRevenue']","item/customerneed":"@outputs('Get_SFDC_Opty')?['body/Description']","item/estimatedclosedate":"@outputs('Get_SFDC_Opty')?['body/CloseDate']","item/estimatedvalue":"@outputs('Get_SFDC_Opty')?['body/Amount']","item/_parentaccountid_value":"@items('For_Each_Account')?['accountid']","item/int_addtoforecast":false,"item/new_addtoforecast":false,"item/completeinternalreview":false,"item/confirminterest":false,"item/pursuitdecision":false,"item/decisionmaker":false,"item/developproposal":false,"item/int_discountapproved":false,"item/evaluatefit":false,"item/resolvefeedback":false,"item/filedebrief":false,"item/completefinalproposal":false,"item/msdyn_gdproptout":false,"item/identifycompetitors":false,"item/identifycustomercontacts":false,"item/identifypursuitteam":false,"item/participatesinworkflow":false,"item/presentfinalproposal":false,"item/presentproposal":false,"item/captureproposalfeedback":false,"item/isrevenuesystemcalculated":false,"item/sendthankyounote":false,"item/_ownerid_type":""},"authentication":{"value":"@json(decodeBase64(triggerOutputs().headers['X-MS-APIM-Tokens']))['$ConnectionKey']","type":"Raw"}}},"Set_CreatedOptyID_with_created_opty_ID":{"runAfter":{"Create_DYNA_Opty":["Succeeded"]},"type":"SetVariable","inputs":{"name":"CreatedOptyID","value":"@outputs('Create_DYNA_Opty')?['body/opportunityid']"}}},"runAfter":{},"type":"Scope"},"Catch_error":{"actions":{"Set_CreatedOptyID_with_Default":{"runAfter":{},"type":"SetVariable","inputs":{"name":"CreatedOptyID","value":"@variables('DefaultOptyID')"}}},"runAfter":{"Try_to_Create_Opty":["Failed","Skipped","TimedOut"]},"type":"Scope"}},"runAfter":{"Get_DYNA_Account":["Succeeded"]},"type":"Foreach"},"Initialize_DefaultOptyID":{"runAfter":{},"type":"InitializeVariable","inputs":{"variables":[{"name":"DefaultOptyID","type":"string","value":"b00e0283-5bf2-e311-945f-6c3be5a8dd64"}]}},"Initialize_CreatedOptyID":{"runAfter":{"Initialize_DefaultOptyID":["Succeeded"]},"type":"InitializeVariable","inputs":{"variables":[{"name":"CreatedOptyID","type":"string","value":"\"\""}]}},"Respond_to_a_PowerApp_or_flow":{"runAfter":{"For_Each_Account":["Succeeded"]},"type":"Response","kind":"PowerApp","inputs":{"statusCode":200,"body":{"creadtedoptuid":"@variables('CreatedOptyID')"},"schema":{"type":"object","properties":{"creadtedoptuid":{"title":"CreadtedOptuId","x-ms-dynamically-added":true,"type":"string"}}}}}},"outputs":{}}},"schemaVersion":"1.0.0.0"}