<ImportExportXml xmlns:xsi="http://www.w3.org/2001/XMLSchema-instance" OrganizationVersion="9.2.24122.178" OrganizationSchemaType="Standard" CRMServerServiceabilityVersion="9.2.24122.00178">
  <Entities></Entities>
  <Roles></Roles>
  <Workflows>
    <Workflow WorkflowId="{34d937b0-1cd7-ef11-a72f-7c1e5228c319}" Name="Yelp search by Term into File">
      <JsonFileName>/Workflows/YelpsearchbyTermintoFile-34D937B0-1CD7-EF11-A72F-7C1E5228C319.json</JsonFileName>
      <Type>1</Type>
      <Subprocess>0</Subprocess>
      <Category>5</Category>
      <Mode>0</Mode>
      <Scope>4</Scope>
      <OnDemand>0</OnDemand>
      <TriggerOnCreate>0</TriggerOnCreate>
      <TriggerOnDelete>0</TriggerOnDelete>
      <AsyncAutodelete>0</AsyncAutodelete>
      <SyncWorkflowLogOnFailure>0</SyncWorkflowLogOnFailure>
      <StateCode>1</StateCode>
      <StatusCode>2</StatusCode>
      <RunAs>1</RunAs>
      <IsTransacted>1</IsTransacted>
      <IntroducedVersion>1.0.0.0</IntroducedVersion>
      <IsCustomizable>1</IsCustomizable>
      <BusinessProcessType>0</BusinessProcessType>
      <IsCustomProcessingStepAllowedForOtherPublishers>1</IsCustomProcessingStepAllowedForOtherPublishers>
      <PrimaryEntity>none</PrimaryEntity>
      <LocalizedNames>
        <LocalizedName languagecode="1033" description="Yelp search by Term into File" />
      </LocalizedNames>
    </Workflow>
  </Workflows>
  <FieldSecurityProfiles></FieldSecurityProfiles>
  <Templates />
  <EntityMaps />
  <EntityRelationships />
  <OrganizationSettings />
  <optionsets />
  <CustomControls />
  <EntityDataProviders />
  <CanvasApps>
    <CanvasApp>
      <Name>pbo_appforyelp_42be7</Name>
      <AppVersion>2019-05-06T20:52:15Z</AppVersion>
      <Status>Ready</Status>
      <CreatedByClientVersion>3.19044.15.0</CreatedByClientVersion>
      <MinClientVersion>3.19044.15.0</MinClientVersion>
      <Tags>{"minimumRequiredApiVersion":"2.2.0","primaryDeviceWidth":"640","primaryDeviceHeight":"1136","sienaVersion":"20190506T205215Z-3.19044.15.0","deviceCapabilities":"","supportsPortrait":"true","supportsLandscape":"false","primaryFormFactor":"Phone","publisherVersion":"3.19044.15"}</Tags>
      <IsCdsUpgraded>0</IsCdsUpgraded>
      <GalleryItemId xsi:nil="true"></GalleryItemId>
      <BackgroundColor>rgba(0, 176, 240, 1)</BackgroundColor>
      <DisplayName>App for Yelp</DisplayName>
      <Description xsi:nil="true"></Description>
      <CommitMessage xsi:nil="true"></CommitMessage>
      <Publisher xsi:nil="true"></Publisher>
      <AuthorizationReferences>[]</AuthorizationReferences>
      <ConnectionReferences>{"96fb2821-4853-46df-95f9-b083e9fa917d":{"id":"/providers/microsoft.powerapps/apis/shared_yelp.20with.20postman.5f465b8773138e981c.5f9a80b988a805565b","displayName":"Yelp with Postman","iconUri":"https://prodapiicons.cdn.powerappscdn.net/20190401t000000zc4d0affa1b9e4d2f9423007857651f27/customconnectoricon.png","dataSources":["Yelp"],"dependencies":[],"dependents":[],"parameterHints":{},"isOnPremiseConnection":false,"bypassConsent":false,"dataSets":{},"apiTier":"Standard","actions":["Search"],"customApiLogicalName":"pbo_yelp.20with.20postman.5f465b8773138e981c.5f9a80b988a805565b","isCustomApiSolutionAware":true},"518ac64e-aecd-4671-bb14-372cf25a7a4b":{"id":"/providers/microsoft.powerapps/apis/shared_dynamicscrmonline","displayName":"Dynamics 365","iconUri":"https://connectoricons-prod.azureedge.net/dynamicscrmonline/icon_1.0.1008.1183.png","dataSources":["Accounts"],"dependencies":[],"dependents":[],"parameterHints":{},"isOnPremiseConnection":false,"bypassConsent":false,"dataSets":{"org44ebbca8.crm4":{"dataSources":{"Accounts":{"tableName":"accounts"}}}},"apiTier":"Standard","actions":["providers/PowerPlatform.Governance/Operations/Read"],"isCustomApiSolutionAware":false}}</ConnectionReferences>
      <DatabaseReferences>{}</DatabaseReferences>
      <AppComponents>[]</AppComponents>
      <AppComponentDependencies>[]</AppComponentDependencies>
      <CanConsumeAppPass>0</CanConsumeAppPass>
      <CanvasAppType>0</CanvasAppType>
      <BypassConsent>0</BypassConsent>
      <AdminControlBypassConsent>0</AdminControlBypassConsent>
      <EmbeddedApp xsi:nil="true"></EmbeddedApp>
      <IntroducedVersion>1.0</IntroducedVersion>
      <CdsDependencies>{"cdsdependencies":[{"logicalname":"pbo_yelp.20with.20postman.5f465b8773138e981c.5f9a80b988a805565b","componenttype":372,"componenttypeplatformname":"connector"}]}</CdsDependencies>
      <IsCustomizable>1</IsCustomizable>
      <BackgroundImageUri>/CanvasApps/pbo_appforyelp_42be7_BackgroundImageUri</BackgroundImageUri>
      <DocumentUri>/CanvasApps/pbo_appforyelp_42be7_DocumentUri.msapp</DocumentUri>
    </CanvasApp>
  </CanvasApps>
  <Connectors>
    <Connector>
      <connectorid>24c4dbe0-4d8d-41ac-a98a-9ac482ed8a7a</connectorid>
      <description>Yelp</description>
      <displayname>Yelp with Postman</displayname>
      <iconbrandcolor>#FFFFFF</iconbrandcolor>
      <name>pbo_yelp.20with.20postman.5f465b8773138e981c.5f9a80b988a805565b</name>
      <connectortype>1</connectortype>
      <openapidefinition>/Connector/pbo_yelp20with20postman5f465b8773138e981c5f9a80b98_openapidefinition.json</openapidefinition>
      <connectionparameters>/Connector/pbo_yelp20with20postman5f465b8773138e981c5f9a80b98_connectionparameters.json</connectionparameters>
      <policytemplateinstances>/Connector/pbo_yelp20with20postman5f465b8773138e981c5f9a80b98_policytemplateinstances.json</policytemplateinstances>
      <iconblob>/Connector/pbo_yelp20with20postman5f465b8773138e981c5f9a80b98_iconblob.Png</iconblob>
    </Connector>
    <Connector>
      <connectorid>dc9379e1-36ca-4098-90f2-ce4e73a09314</connectorid>
      <description></description>
      <displayname>Yelp</displayname>
      <iconbrandcolor>#007ee5</iconbrandcolor>
      <name>pbo_yelp.5f465b8773138e981c.5f9a80b988a805565b</name>
      <connectortype>1</connectortype>
      <openapidefinition>/Connector/pbo_yelp5f465b8773138e981c5f9a80b988a805565b_openapidefinition.json</openapidefinition>
      <connectionparameters>/Connector/pbo_yelp5f465b8773138e981c5f9a80b988a805565b_connectionparameters.json</connectionparameters>
      <policytemplateinstances>/Connector/pbo_yelp5f465b8773138e981c5f9a80b988a805565b_policytemplateinstances.json</policytemplateinstances>
      <iconblob>/Connector/pbo_yelp5f465b8773138e981c5f9a80b988a805565b_iconblob.Jpeg</iconblob>
    </Connector>
  </Connectors>
  <connectionreferences>
    <connectionreference connectionreferencelogicalname="pbo_sharedfilesystem_16b9a">
      <connectionreferencedisplayname>CoRef - File System - YELP</connectionreferencedisplayname>
      <connectorid>/providers/Microsoft.PowerApps/apis/shared_filesystem</connectorid>
      <iscustomizable>1</iscustomizable>
      <promptingbehavior>0</promptingbehavior>
      <statecode>0</statecode>
      <statuscode>1</statuscode>
    </connectionreference>
    <connectionreference connectionreferencelogicalname="pbo_YelpPieBou">
      <connectionreferencedisplayname>CoRef - Service - YELP</connectionreferencedisplayname>
      <connectorid>/providers/Microsoft.PowerApps/apis/shared_yelp.5f465b8773138e981c.5f9a80b988a805565b</connectorid>
      <customconnectorid>
        <connectorid>dc9379e1-36ca-4098-90f2-ce4e73a09314</connectorid>
      </customconnectorid>
      <iscustomizable>1</iscustomizable>
      <promptingbehavior>0</promptingbehavior>
      <statecode>0</statecode>
      <statuscode>1</statuscode>
    </connectionreference>
  </connectionreferences>
  <Languages>
    <Language>1033</Language>
  </Languages>
</ImportExportXml>