<ImportExportXml version="9.2.21041.162" SolutionPackageVersion="9.2" languagecode="1033" generatedBy="CrmLive" xmlns:xsi="http://www.w3.org/2001/XMLSchema-instance">
  <SolutionManifest>
    <UniqueName>DynamicsandSalesforce</UniqueName>
    <LocalizedNames>
      <LocalizedName description="Dynamics and Salesforce" languagecode="1033" />
    </LocalizedNames>
    <Descriptions />
    <Version>1.0.0.8</Version>
    <Managed>0</Managed>
    <Publisher>
      <UniqueName>piebou</UniqueName>
      <LocalizedNames>
        <LocalizedName description="PieBou" languagecode="1033" />
      </LocalizedNames>
      <Descriptions />
      <EMailAddress xsi:nil="true"></EMailAddress>
      <SupportingWebsiteUrl xsi:nil="true"></SupportingWebsiteUrl>
      <CustomizationPrefix>pbo</CustomizationPrefix>
      <CustomizationOptionValuePrefix>85891</CustomizationOptionValuePrefix>
      <Addresses>
        <Address>
          <AddressNumber>1</AddressNumber>
          <AddressTypeCode>1</AddressTypeCode>
          <City xsi:nil="true"></City>
          <County xsi:nil="true"></County>
          <Country xsi:nil="true"></Country>
          <Fax xsi:nil="true"></Fax>
          <FreightTermsCode xsi:nil="true"></FreightTermsCode>
          <ImportSequenceNumber xsi:nil="true"></ImportSequenceNumber>
          <Latitude xsi:nil="true"></Latitude>
          <Line1 xsi:nil="true"></Line1>
          <Line2 xsi:nil="true"></Line2>
          <Line3 xsi:nil="true"></Line3>
          <Longitude xsi:nil="true"></Longitude>
          <Name xsi:nil="true"></Name>
          <PostalCode xsi:nil="true"></PostalCode>
          <PostOfficeBox xsi:nil="true"></PostOfficeBox>
          <PrimaryContactName xsi:nil="true"></PrimaryContactName>
          <ShippingMethodCode>1</ShippingMethodCode>
          <StateOrProvince xsi:nil="true"></StateOrProvince>
          <Telephone1 xsi:nil="true"></Telephone1>
          <Telephone2 xsi:nil="true"></Telephone2>
          <Telephone3 xsi:nil="true"></Telephone3>
          <TimeZoneRuleVersionNumber xsi:nil="true"></TimeZoneRuleVersionNumber>
          <UPSZone xsi:nil="true"></UPSZone>
          <UTCOffset xsi:nil="true"></UTCOffset>
          <UTCConversionTimeZoneCode xsi:nil="true"></UTCConversionTimeZoneCode>
        </Address>
        <Address>
          <AddressNumber>2</AddressNumber>
          <AddressTypeCode>1</AddressTypeCode>
          <City xsi:nil="true"></City>
          <County xsi:nil="true"></County>
          <Country xsi:nil="true"></Country>
          <Fax xsi:nil="true"></Fax>
          <FreightTermsCode xsi:nil="true"></FreightTermsCode>
          <ImportSequenceNumber xsi:nil="true"></ImportSequenceNumber>
          <Latitude xsi:nil="true"></Latitude>
          <Line1 xsi:nil="true"></Line1>
          <Line2 xsi:nil="true"></Line2>
          <Line3 xsi:nil="true"></Line3>
          <Longitude xsi:nil="true"></Longitude>
          <Name xsi:nil="true"></Name>
          <PostalCode xsi:nil="true"></PostalCode>
          <PostOfficeBox xsi:nil="true"></PostOfficeBox>
          <PrimaryContactName xsi:nil="true"></PrimaryContactName>
          <ShippingMethodCode>1</ShippingMethodCode>
          <StateOrProvince xsi:nil="true"></StateOrProvince>
          <Telephone1 xsi:nil="true"></Telephone1>
          <Telephone2 xsi:nil="true"></Telephone2>
          <Telephone3 xsi:nil="true"></Telephone3>
          <TimeZoneRuleVersionNumber xsi:nil="true"></TimeZoneRuleVersionNumber>
          <UPSZone xsi:nil="true"></UPSZone>
          <UTCOffset xsi:nil="true"></UTCOffset>
          <UTCConversionTimeZoneCode xsi:nil="true"></UTCConversionTimeZoneCode>
        </Address>
      </Addresses>
    </Publisher>
    <RootComponents>
      <RootComponent type="1" schemaName="account" behavior="2" />
      <RootComponent type="29" id="{cff3aa21-b085-ea11-a811-000d3a4a162c}" behavior="0" />
      <RootComponent type="60" id="{8e6c6e99-f83f-eb11-a813-000d3aab19ed}" behavior="0" />
      <RootComponent type="62" schemaName="pbo_dynamicsandsalesforce" behavior="0" />
      <RootComponent type="80" schemaName="pbo_dynamicsandsalesforce" behavior="0" />
      <RootComponent type="300" schemaName="pbo_appoptyslesforce_24641" behavior="0" />
    </RootComponents>
    <MissingDependencies>
      <MissingDependency>
        <Required key="0" type="1" schemaName="opportunity" displayName="Opportunity" solution="msdynce_Sales (9.0.4.0076)" />
        <Dependent key="1" type="80" schemaName="pbo_dynamicsandsalesforce" displayName="Dynamics and Salesforce" />
      </MissingDependency>
      <MissingDependency>
        <Required key="2" type="61" schemaName="msdyn_/Images/AppModule_Default_Icon.png" displayName="msdyn_/Images/AppModule_Default_Icon.png" solution="AppModuleWebResources (2.5)" />
        <Dependent key="1" type="80" schemaName="pbo_dynamicsandsalesforce" displayName="Dynamics and Salesforce" />
      </MissingDependency>
      <MissingDependency>
        <Required key="3" type="1" schemaName="ms_newsitem" displayName="News" solution="CompanyNewsTimeline (9.0.1.716)" />
        <Dependent key="4" type="60" displayName="Account with SFDC" parentDisplayName="Account" id="{8e6c6e99-f83f-eb11-a813-000d3aab19ed}" />
      </MissingDependency>
      <MissingDependency>
        <Required key="0" type="1" schemaName="opportunity" displayName="Opportunity" solution="msdynce_Sales (9.0.4.0076)" />
        <Dependent key="4" type="60" displayName="Account with SFDC" parentDisplayName="Account" id="{8e6c6e99-f83f-eb11-a813-000d3aab19ed}" />
      </MissingDependency>
      <MissingDependency>
        <Required key="5" type="2" schemaName="ms_category" displayName="Category" parentSchemaName="ms_newsitem" parentDisplayName="News" solution="CompanyNewsTimeline (9.0.1.716)" />
        <Dependent key="4" type="60" displayName="Account with SFDC" parentDisplayName="Account" id="{8e6c6e99-f83f-eb11-a813-000d3aab19ed}" />
      </MissingDependency>
      <MissingDependency>
        <Required key="6" type="2" schemaName="ms_group" displayName="Group" parentSchemaName="ms_newsitem" parentDisplayName="News" solution="CompanyNewsTimeline (9.0.1.716)" />
        <Dependent key="4" type="60" displayName="Account with SFDC" parentDisplayName="Account" id="{8e6c6e99-f83f-eb11-a813-000d3aab19ed}" />
      </MissingDependency>
      <MissingDependency>
        <Required key="7" type="2" schemaName="ms_url" displayName="Url" parentSchemaName="ms_newsitem" parentDisplayName="News" solution="CompanyNewsTimeline (9.0.1.716)" />
        <Dependent key="4" type="60" displayName="Account with SFDC" parentDisplayName="Account" id="{8e6c6e99-f83f-eb11-a813-000d3aab19ed}" />
      </MissingDependency>
      <MissingDependency>
        <Required key="8" type="2" schemaName="ms_grouporder" displayName="Group Order" parentSchemaName="ms_newsitem" parentDisplayName="News" solution="CompanyNewsTimeline (9.0.1.716)" />
        <Dependent key="4" type="60" displayName="Account with SFDC" parentDisplayName="Account" id="{8e6c6e99-f83f-eb11-a813-000d3aab19ed}" />
      </MissingDependency>
      <MissingDependency>
        <Required key="9" type="2" schemaName="ms_name" displayName="Name" parentSchemaName="ms_newsitem" parentDisplayName="News" solution="CompanyNewsTimeline (9.0.1.716)" />
        <Dependent key="4" type="60" displayName="Account with SFDC" parentDisplayName="Account" id="{8e6c6e99-f83f-eb11-a813-000d3aab19ed}" />
      </MissingDependency>
      <MissingDependency>
        <Required key="10" type="2" schemaName="ms_dateposted" displayName="Date Posted" parentSchemaName="ms_newsitem" parentDisplayName="News" solution="CompanyNewsTimeline (9.0.1.716)" />
        <Dependent key="4" type="60" displayName="Account with SFDC" parentDisplayName="Account" id="{8e6c6e99-f83f-eb11-a813-000d3aab19ed}" />
      </MissingDependency>
      <MissingDependency>
        <Required key="11" type="2" schemaName="ms_displaysummary" displayName="Display Summary" parentSchemaName="ms_newsitem" parentDisplayName="News" solution="CompanyNewsTimeline (9.0.1.716)" />
        <Dependent key="4" type="60" displayName="Account with SFDC" parentDisplayName="Account" id="{8e6c6e99-f83f-eb11-a813-000d3aab19ed}" />
      </MissingDependency>
      <MissingDependency>
        <Required key="12" type="2" schemaName="entityimage_url" parentSchemaName="ms_newsitem" parentDisplayName="News" solution="Active" />
        <Dependent key="4" type="60" displayName="Account with SFDC" parentDisplayName="Account" id="{8e6c6e99-f83f-eb11-a813-000d3aab19ed}" />
      </MissingDependency>
      <MissingDependency>
        <Required key="13" type="26" schemaName="Account Sub-grid" displayName="Account Sub-grid" parentSchemaName="opportunity" parentDisplayName="Opportunity" solution="Active" id="{6341fd7e-7326-e811-a965-000d3a11e605}" />
        <Dependent key="4" type="60" displayName="Account with SFDC" parentDisplayName="Account" id="{8e6c6e99-f83f-eb11-a813-000d3aab19ed}" />
      </MissingDependency>
      <MissingDependency>
        <Required key="14" type="26" schemaName="All Opportunities" displayName="All Opportunities" parentSchemaName="opportunity" parentDisplayName="Opportunity" solution="msdynce_Sales (9.0.4.0076)" id="{c6f6fc1b-1b3e-e711-80e1-00155d871bb4}" />
        <Dependent key="4" type="60" displayName="Account with SFDC" parentDisplayName="Account" id="{8e6c6e99-f83f-eb11-a813-000d3aab19ed}" />
      </MissingDependency>
      <MissingDependency>
        <Required key="15" type="26" schemaName="Account Sub-Grid" displayName="Account Sub-Grid" parentSchemaName="contact" parentDisplayName="Contact" solution="Active" id="{de6d97a1-1924-e811-a95f-000d3a11ec14}" />
        <Dependent key="4" type="60" displayName="Account with SFDC" parentDisplayName="Account" id="{8e6c6e99-f83f-eb11-a813-000d3aab19ed}" />
      </MissingDependency>
      <MissingDependency>
        <Required key="16" type="26" schemaName="Active News" displayName="Active News" parentSchemaName="ms_newsitem" parentDisplayName="News" solution="CompanyNewsTimeline (9.0.1.716)" id="{0b44b434-1267-4bbb-b016-116a40d7fedd}" />
        <Dependent key="4" type="60" displayName="Account with SFDC" parentDisplayName="Account" id="{8e6c6e99-f83f-eb11-a813-000d3aab19ed}" />
      </MissingDependency>
      <MissingDependency>
        <Required key="17" type="59" schemaName="Top Customers" displayName="Top Customers" parentSchemaName="opportunity" parentDisplayName="Opportunity" solution="msdynce_Sales (9.0.4.0076)" id="{8bc5fb18-48f2-4782-9e16-3d452fa4ddce}" />
        <Dependent key="4" type="60" displayName="Account with SFDC" parentDisplayName="Account" id="{8e6c6e99-f83f-eb11-a813-000d3aab19ed}" />
      </MissingDependency>
      <MissingDependency>
        <Required key="18" type="66" schemaName="MscrmControls.LinkedInIntegration.LinkedInLeadLookupControl" displayName="MscrmControls.LinkedInIntegration.LinkedInLeadLookupControl" solution="LinkedInSalesNavigatorControlsForUnifiedClient (3.0.1.0900)" />
        <Dependent key="4" type="60" displayName="Account with SFDC" parentDisplayName="Account" id="{8e6c6e99-f83f-eb11-a813-000d3aab19ed}" />
      </MissingDependency>
      <MissingDependency>
        <Required key="19" type="66" schemaName="MscrmControls.Canvas.CanvasControl" displayName="MscrmControls.Canvas.CanvasControl" solution="BaseCustomControlsCore (9.0.2104.1016)" />
        <Dependent key="4" type="60" displayName="Account with SFDC" parentDisplayName="Account" id="{8e6c6e99-f83f-eb11-a813-000d3aab19ed}" />
      </MissingDependency>
      <MissingDependency>
        <Required key="20" type="66" schemaName="MscrmControls.LinkedInIntegration.LinkedInAccountControl" displayName="MscrmControls.LinkedInIntegration.LinkedInAccountControl" solution="LinkedInSalesNavigatorControlsForUnifiedClient (3.0.1.0900)" />
        <Dependent key="4" type="60" displayName="Account with SFDC" parentDisplayName="Account" id="{8e6c6e99-f83f-eb11-a813-000d3aab19ed}" />
      </MissingDependency>
      <MissingDependency>
        <Required key="21" type="66" schemaName="MscrmControls.Timeline.TimelineControl" displayName="MscrmControls.Timeline.TimelineControl" solution="CustomControlsCore (9.2.21041.00162)" />
        <Dependent key="4" type="60" displayName="Account with SFDC" parentDisplayName="Account" id="{8e6c6e99-f83f-eb11-a813-000d3aab19ed}" />
      </MissingDependency>
      <MissingDependency>
        <Required key="22" type="66" schemaName="msdyn_MscrmControls.TreeView.TreeViewControl" displayName="msdyn_MscrmControls.TreeView.TreeViewControl" solution="msdyn_AssetCommon (1.0.7.96)" />
        <Dependent key="4" type="60" displayName="Account with SFDC" parentDisplayName="Account" id="{8e6c6e99-f83f-eb11-a813-000d3aab19ed}" />
      </MissingDependency>
      <MissingDependency>
        <Required key="23" type="66" schemaName="MscrmControls.Knob.ArcKnobControl" displayName="MscrmControls.Knob.ArcKnobControl" solution="CustomControlsCore (9.2.21041.00162)" />
        <Dependent key="4" type="60" displayName="Account with SFDC" parentDisplayName="Account" id="{8e6c6e99-f83f-eb11-a813-000d3aab19ed}" />
      </MissingDependency>
      <MissingDependency>
        <Required key="24" type="66" schemaName="MscrmControls.CardFeedContainer.CardFeedContainer" displayName="MscrmControls.CardFeedContainer.CardFeedContainer" solution="CustomControlsCore (9.2.21041.00162)" />
        <Dependent key="4" type="60" displayName="Account with SFDC" parentDisplayName="Account" id="{8e6c6e99-f83f-eb11-a813-000d3aab19ed}" />
      </MissingDependency>
      <MissingDependency>
        <Required key="25" type="61" schemaName="msdyn_/Utils/FieldServiceTrial.js" displayName="msdyn_/Utils/FieldServiceTrial.js" solution="FieldService (8.8.0.88)" />
        <Dependent key="4" type="60" displayName="Account with SFDC" parentDisplayName="Account" id="{8e6c6e99-f83f-eb11-a813-000d3aab19ed}" />
      </MissingDependency>
      <MissingDependency>
        <Required key="26" type="61" schemaName="msdyn_/Account/AssetCommon.Account.Library.js" displayName="msdyn_/Account/AssetCommon.Account.Library.js" solution="msdyn_AssetCommon (1.0.7.96)" />
        <Dependent key="4" type="60" displayName="Account with SFDC" parentDisplayName="Account" id="{8e6c6e99-f83f-eb11-a813-000d3aab19ed}" />
      </MissingDependency>
      <MissingDependency>
        <Required key="27" type="61" schemaName="msdyn_/Libraries/require/require.js" displayName="msdyn_/Libraries/require/require.js" solution="ProjectService (3.10.0.31)" />
        <Dependent key="4" type="60" displayName="Account with SFDC" parentDisplayName="Account" id="{8e6c6e99-f83f-eb11-a813-000d3aab19ed}" />
      </MissingDependency>
      <MissingDependency>
        <Required key="28" type="61" schemaName="LinkedInIntegration/Common/msdyn_LinkedInIntegrationCommon.js" displayName="LinkedInIntegration/Common/msdyn_LinkedInIntegrationCommon.js" solution="LinkedInSalesNavigatorControlsForUnifiedClient (3.0.1.0900)" />
        <Dependent key="4" type="60" displayName="Account with SFDC" parentDisplayName="Account" id="{8e6c6e99-f83f-eb11-a813-000d3aab19ed}" />
      </MissingDependency>
      <MissingDependency>
        <Required key="29" type="61" schemaName="msdyn_/Account/Account.Library.js" displayName="msdyn_/Account/Account.Library.js" solution="FieldService (8.8.0.88)" />
        <Dependent key="4" type="60" displayName="Account with SFDC" parentDisplayName="Account" id="{8e6c6e99-f83f-eb11-a813-000d3aab19ed}" />
      </MissingDependency>
      <MissingDependency>
        <Required key="30" type="61" schemaName="ms_news_control.js" displayName="ms_news_control.js" solution="CompanyNewsTimeline (9.0.1.716)" />
        <Dependent key="4" type="60" displayName="Account with SFDC" parentDisplayName="Account" id="{8e6c6e99-f83f-eb11-a813-000d3aab19ed}" />
      </MissingDependency>
      <MissingDependency>
        <Required key="0" type="1" schemaName="opportunity" displayName="Opportunity" solution="msdynce_Sales (9.0.4.0076)" />
        <Dependent key="31" type="62" schemaName="pbo_dynamicsandsalesforce" />
      </MissingDependency>
      <MissingDependency>
        <Required key="32" type="61" schemaName="msdyn_/fps/Icons/Entity/Actuals.svg" displayName="msdyn_/fps/Icons/Entity/Actuals.svg" solution="MicrosoftDynamicsScheduling (3.12.0.448)" />
        <Dependent key="31" type="62" schemaName="pbo_dynamicsandsalesforce" />
      </MissingDependency>
    </MissingDependencies>
  </SolutionManifest>
</ImportExportXml>