<environmentvariabledefinition schemaname="pbo_paExternalToken">
  <defaultvalue>none</defaultvalue>
  <description default="Token for External Covid Data">
    <label description="Token for External Covid Data" languagecode="1033" />
  </description>
  <displayname default="paExternalToken">
    <label description="paExternalToken" languagecode="1033" />
  </displayname>
  <introducedversion>1.0.0.4</introducedversion>
  <iscustomizable>1</iscustomizable>
  <isrequired>0</isrequired>
  <type>100000000</type>
</environmentvariabledefinition>