{"swagger":"2.0","info":{"title":"Default title","description":"Get Country Code 2 or 3 Digits","version":"1.0"},"host":"restcountries.eu","basePath":"/rest/v2/","schemes":["https"],"consumes":[],"produces":[],"paths":{"/all":{"get":{"responses":{"default":{"description":"default","schema":{"type":"array","items":{"type":"object","properties":{"name":{"type":"string","description":"name","title":"name"},"alpha2Code":{"type":"string","description":"alpha2Code","title":"alpha2Code"},"alpha3Code":{"type":"string","description":"alpha3Code","title":"alpha3Code"}}}}}},"summary":"all","description":"Get All Country","operationId":"all","parameters":[{"name":"fields","in":"query","required":false,"type":"string","default":"name;alpha2Code;alpha3Code","enum":["name;alpha3Code","name;alpha2Code","name;alpha2Code;alpha3Code"]}]}}},"definitions":{},"parameters":{},"responses":{},"securityDefinitions":{},"security":[],"tags":[]}