{"name":"9af7c667-7f14-4e2d-8ecd-de5eabc30035","id":"/providers/Microsoft.Flow/flows/9af7c667-7f14-4e2d-8ecd-de5eabc30035","type":"Microsoft.Flow/flows","properties":{"apiId":"/providers/Microsoft.PowerApps/apis/shared_logicflows","displayName":"PAB - Move Opty to Dynamics","definition":{"metadata":{"workflowEntityId":null,"creator":{"id":"85ac371b-5266-4eb8-a7a0-12c9bc547cf0","type":"User","tenantId":"2288d140-a07f-4222-a425-4b142e9202cc"},"provisioningMethod":"FromDefinition","failureAlertSubscription":true,"clientLastModifiedTime":"2020-04-23T21:17:30.6108643Z"},"$schema":"https://schema.management.azure.com/providers/Microsoft.Logic/schemas/2016-06-01/workflowdefinition.json#","contentVersion":"1.0.0.0","parameters":{"$connections":{"defaultValue":{},"type":"Object"},"$authentication":{"defaultValue":{},"type":"SecureObject"}},"triggers":{"manual":{"type":"Request","kind":"PowerApp","inputs":{"schema":{"type":"object","properties":{"SFDCGetrecord_RecordId":{"type":"string","description":"item key","x-ms-powerflows-param-ispartial":false},"DynAddrecord_PotentialCustomer":{"type":"string","description":"Select the customer account or contact to provide a quick link to additional customer details, such as address, phone number, activities, and orders.","x-ms-powerflows-param-ispartial":false}},"required":["SFDCGetrecord_RecordId","DynAddrecord_PotentialCustomer"]}}}},"actions":{"SFDC_Get_record":{"runAfter":{},"metadata":{"flowSystemMetadata":{"swaggerOperationId":"GetItem_V2"}},"type":"ApiConnection","inputs":{"host":{"connection":{"name":"@json(decodeBase64(triggerOutputs().headers['X-MS-APIM-Tokens']))['$connections']['shared_salesforce']['connectionId']"},"api":{"runtimeUrl":"https://flow-apim-europe-001-westeurope-01.azure-apim.net/apim/salesforce"}},"method":"get","path":"/v2/datasets/default/tables/@{encodeURIComponent(encodeURIComponent('Opportunity'))}/items/@{encodeURIComponent(encodeURIComponent(triggerBody()['SFDCGetrecord_RecordId']))}","authentication":{"type":"Raw","value":"@json(decodeBase64(triggerOutputs().headers['X-MS-APIM-Tokens']))['$ConnectionKey']"}}},"Dyn_Add_record":{"runAfter":{"SFDC_Get_record":["Succeeded"]},"metadata":{"flowSystemMetadata":{"swaggerOperationId":"PostItem_V2"}},"type":"ApiConnection","inputs":{"host":{"connection":{"name":"@json(decodeBase64(triggerOutputs().headers['X-MS-APIM-Tokens']))['$connections']['shared_commondataservice']['connectionId']"},"api":{"runtimeUrl":"https://flow-apim-europe-001-northeurope-01.azure-apim.net/apim/commondataservice"}},"method":"post","body":{"name":"@body('SFDC_Get_record')['Name']","_transactioncurrencyid_value":"EUR","_customerid_value":"@triggerBody()['DynAddrecord_PotentialCustomer']","_customerid_type":"accounts","customerneed":"@body('SFDC_Get_record')?['Description']","estimatedclosedate":"@body('SFDC_Get_record')['CloseDate']","estimatedvalue":"@body('SFDC_Get_record')?['ExpectedRevenue']","completeinternalreview":false,"confirminterest":false,"pursuitdecision":false,"decisionmaker":false,"developproposal":false,"evaluatefit":false,"resolvefeedback":false,"filedebrief":false,"completefinalproposal":false,"msdyn_gdproptout":false,"identifycompetitors":false,"identifycustomercontacts":false,"identifypursuitteam":false,"participatesinworkflow":false,"presentfinalproposal":false,"presentproposal":false,"captureproposalfeedback":false,"isrevenuesystemcalculated":false,"sendthankyounote":false,"_ownerid_type":""},"path":"/v2/datasets/@{encodeURIComponent(encodeURIComponent('default.cds'))}/tables/@{encodeURIComponent(encodeURIComponent('opportunities'))}/items","authentication":{"type":"Raw","value":"@json(decodeBase64(triggerOutputs().headers['X-MS-APIM-Tokens']))['$ConnectionKey']"}}},"Update_record":{"runAfter":{"Dyn_Add_record":["Succeeded"]},"metadata":{"flowSystemMetadata":{"swaggerOperationId":"PatchItem_V2"}},"type":"ApiConnection","inputs":{"host":{"connection":{"name":"@json(decodeBase64(triggerOutputs().headers['X-MS-APIM-Tokens']))['$connections']['shared_salesforce']['connectionId']"},"api":{"runtimeUrl":"https://flow-apim-europe-001-westeurope-01.azure-apim.net/apim/salesforce"}},"method":"patch","body":{"Name":"@body('SFDC_Get_record')['Name']","StageName":"@body('SFDC_Get_record')['StageName']","CloseDate":"@body('SFDC_Get_record')['CloseDate']","Description":"@{body('SFDC_Get_record')?['Description']}\n/\n@{body('Dyn_Add_record')?['opportunityid']}"},"path":"/v2/datasets/default/tables/@{encodeURIComponent(encodeURIComponent('Opportunity'))}/items/@{encodeURIComponent(encodeURIComponent(triggerBody()['SFDCGetrecord_RecordId']))}","authentication":{"type":"Raw","value":"@json(decodeBase64(triggerOutputs().headers['X-MS-APIM-Tokens']))['$ConnectionKey']"}}}},"outputs":{},"description":"Create one or more actions to happen when a button or link in PowerApps is selected. To use this flow from a PowerApp, select the control you want to trigger the flow and go to the Action tab in the PowerApps ribbon and select Flows."},"connectionReferences":{"shared_salesforce":{"connectionName":"shared-salesforce-de8743e6-17e2-44af-bddc-4cfafea4c5d7","source":"Invoker","id":"/providers/Microsoft.PowerApps/apis/shared_salesforce","tier":"NotSpecified"},"shared_commondataservice":{"connectionName":"21d430e935504ccd8d522af026d1df72","source":"Invoker","id":"/providers/Microsoft.PowerApps/apis/shared_commondataservice","tier":"NotSpecified"}},"flowFailureAlertSubscribed":false}}