{"properties":{"connectionReferences":{"shared_saperp":{"runtimeSource":"invoker","connection":{"connectionReferenceLogicalName":"pbo_CNX_S4HANA"},"api":{"name":"shared_saperp"}}},"definition":{"$schema":"https://schema.management.azure.com/providers/Microsoft.Logic/schemas/2016-06-01/workflowdefinition.json#","contentVersion":"1.0.0.0","parameters":{"$connections":{"defaultValue":{},"type":"Object"},"$authentication":{"defaultValue":{},"type":"SecureObject"}},"triggers":{"manual":{"type":"Request","kind":"PowerApp","inputs":{"schema":{"type":"object","properties":{"CallSAPfunction_BANKCOUNTRY":{"type":"string","description":"Bank Country Key","x-ms-powerflows-param-ispartial":false},"CallSAPfunction_BANKKEY":{"type":"string","description":"Bank Key","x-ms-powerflows-param-ispartial":false}},"required":["CallSAPfunction_BANKCOUNTRY","CallSAPfunction_BANKKEY"]}}}},"actions":{"Call_SAP_function":{"runAfter":{},"type":"OpenApiConnection","inputs":{"host":{"connectionName":"shared_saperp","operationId":"Invoke","apiId":"/providers/Microsoft.PowerApps/apis/shared_saperp"},"parameters":{"AppServerHost":"s4hana2021.westeurope.cloudapp.azure.com","Client":100,"SystemNumber":"00","function":"BAPI_BANK_GETDETAIL","isSessionStateful":"Yes","UseSnc":false,"SncLibraryPath":"Optional","SncSso":"Off","SncMyName":"Optional","SncPartnerName":"Optional","SncQop":"Default","functionInput/BANKCOUNTRY":"@triggerBody()['CallSAPfunction_BANKCOUNTRY']","functionInput/BANKKEY":"@triggerBody()['CallSAPfunction_BANKKEY']"},"authentication":{"type":"Raw","value":"@json(decodeBase64(triggerOutputs().headers['X-MS-APIM-Tokens']))['$ConnectionKey']"}}},"Response":{"runAfter":{"Call_SAP_function":["Succeeded"]},"type":"Response","kind":"Http","inputs":{"statusCode":200,"body":"@outputs('Call_SAP_function')?['body/BANK_ADDRESS']","schema":{"type":"object","properties":{"BANK_NAME":{"type":"string"},"REGION":{"type":"string"},"STREET":{"type":"string"},"CITY":{"type":"string"},"SWIFT_CODE":{"type":"string"},"BANK_GROUP":{"type":"string"},"POBK_CURAC":{"type":"string"},"BANK_NO":{"type":"string"},"POST_BANK":{"type":"string"},"BANK_BRANCH":{"type":"string"},"ADDR_NO":{"type":"string"}}}}}},"outputs":{}}},"schemaVersion":"1.0.0.0"}