{"properties":{"connectionReferences":{"shared_saperp":{"runtimeSource":"invoker","connection":{"connectionReferenceLogicalName":"pbo_CNX_S4HANA"},"api":{"name":"shared_saperp"}}},"definition":{"$schema":"https://schema.management.azure.com/providers/Microsoft.Logic/schemas/2016-06-01/workflowdefinition.json#","contentVersion":"1.0.0.0","parameters":{"$connections":{"defaultValue":{},"type":"Object"},"$authentication":{"defaultValue":{},"type":"SecureObject"}},"triggers":{"manual":{"type":"Request","kind":"PowerApp","inputs":{"schema":{"type":"object","properties":{"CallSAPfunction_BANK_CTRY":{"type":"string"},"CallSAPfunction_BANK_KEY":{"type":"string"},"CallSAPfunction_BANK_NAME":{"type":"string"}},"required":["CallSAPfunction_BANK_CTRY","CallSAPfunction_BANK_KEY","CallSAPfunction_BANK_NAME"]}}}},"actions":{"Call_SAP_function":{"runAfter":{},"type":"OpenApiConnection","inputs":{"host":{"connectionName":"shared_saperp","operationId":"Invoke","apiId":"/providers/Microsoft.PowerApps/apis/shared_saperp"},"parameters":{"AppServerHost":"s4hana2021.westeurope.cloudapp.azure.com","Client":100,"SystemNumber":"00","function":"ZBAPI_BANK2","isSessionStateful":"Yes","UseSnc":false,"SncLibraryPath":"Optional","SncSso":"Off","SncMyName":"Optional","SncPartnerName":"Optional","SncQop":"Default","functionInput/BANK_CTRY":"@triggerBody()['CallSAPfunction_BANK_CTRY']","functionInput/BANK_KEY":"@triggerBody()['CallSAPfunction_BANK_KEY']","functionInput/BANK_NAME":"@triggerBody()['CallSAPfunction_BANK_NAME']"},"authentication":{"type":"Raw","value":"@json(decodeBase64(triggerOutputs().headers['X-MS-APIM-Tokens']))['$ConnectionKey']"}}},"Condition":{"actions":{"Respond_to_a_PowerApp_or_flow_2":{"runAfter":{},"type":"Response","kind":"PowerApp","inputs":{"statusCode":200,"body":{"varresponse":true},"schema":{"type":"object","properties":{"varresponse":{"title":"VarResponse","x-ms-dynamically-added":true,"type":"boolean"}}}}}},"runAfter":{"Call_SAP_function":["Succeeded"]},"else":{"actions":{"Respond_to_a_PowerApp_or_flow_3":{"runAfter":{},"type":"Response","kind":"PowerApp","inputs":{"statusCode":200,"body":{"varresponse":false},"schema":{"type":"object","properties":{"varresponse":{"title":"VarResponse","x-ms-dynamically-added":true,"type":"boolean"}}}}}}},"expression":{"equals":["@outputs('Call_SAP_function')?['body/RETURN/NUMBER']","000"]},"type":"If"}},"outputs":{}}},"schemaVersion":"1.0.0.0"}