{"properties":{"connectionReferences":{"shared_saperp":{"runtimeSource":"invoker","connection":{"connectionReferenceLogicalName":"pbo_CNX_S4HANA"},"api":{"name":"shared_saperp"}}},"definition":{"$schema":"https://schema.management.azure.com/providers/Microsoft.Logic/schemas/2016-06-01/workflowdefinition.json#","contentVersion":"1.0.0.0","parameters":{"$connections":{"defaultValue":{},"type":"Object"},"$authentication":{"defaultValue":{},"type":"SecureObject"}},"triggers":{"manual":{"type":"Request","kind":"PowerApp","inputs":{"schema":{"type":"object","properties":{"Initializevariable_Value":{"type":"string","description":"Enter initial value","x-ms-powerflows-param-ispartial":false}},"required":["Initializevariable_Value"]}}}},"actions":{"Initialize_variable":{"runAfter":{},"type":"InitializeVariable","inputs":{"variables":[{"name":"VAR_COUNTRY","type":"string","value":"@{triggerBody()['Initializevariable_Value']}"}]}},"Call_SAP_function":{"runAfter":{"Initialize_variable":["Succeeded"]},"type":"OpenApiConnection","inputs":{"host":{"connectionName":"shared_saperp","operationId":"Invoke","apiId":"/providers/Microsoft.PowerApps/apis/shared_saperp"},"parameters":{"AppServerHost":"s4hana2021.westeurope.cloudapp.azure.com","Client":100,"SystemNumber":"00","function":"BAPI_BANK_GETLIST","isSessionStateful":"Yes","UseSnc":false,"SncLibraryPath":"Optional","SncSso":"Off","SncMyName":"Optional","SncPartnerName":"Optional","SncQop":"Default","functionInput/BANK_CTRY":"@variables('VAR_COUNTRY')"},"authentication":{"type":"Raw","value":"@json(decodeBase64(triggerOutputs().headers['X-MS-APIM-Tokens']))['$ConnectionKey']"}}},"Create_HTML_table":{"runAfter":{"Call_SAP_function":["Succeeded"]},"type":"Table","inputs":{"from":"@outputs('Call_SAP_function')?['body/BANK_LIST']","format":"HTML"}},"Response_200":{"runAfter":{"Create_HTML_table":["Succeeded"]},"type":"Response","kind":"Http","inputs":{"statusCode":200,"body":"@outputs('Call_SAP_function')?['body/BANK_LIST']","schema":{"type":"array","items":{"type":"object","properties":{"BANK_CTRY":{"type":"string"},"BANK_KEY":{"type":"string"},"BANK_NAME":{"type":"string"},"CITY":{"type":"string"}},"required":["BANK_CTRY","BANK_KEY","BANK_NAME","CITY"]}}}}},"outputs":{}}},"schemaVersion":"1.0.0.0"}