{"properties":{"connectionReferences":{"shared_salesforce":{"runtimeSource":"invoker","connection":{"connectionReferenceLogicalName":"pbo_sharedsalesforce_b31a2"},"api":{"name":"shared_salesforce"}},"shared_commondataservice":{"runtimeSource":"invoker","connection":{"connectionReferenceLogicalName":"pbo_sharedcommondataservice_0949e"},"api":{"name":"shared_commondataservice"}}},"definition":{"$schema":"https://schema.management.azure.com/providers/Microsoft.Logic/schemas/2016-06-01/workflowdefinition.json#","contentVersion":"1.0.0.0","parameters":{"$connections":{"defaultValue":{},"type":"Object"},"$authentication":{"defaultValue":{},"type":"SecureObject"}},"triggers":{"manual":{"type":"Request","kind":"PowerApp","inputs":{"schema":{"type":"object","properties":{"GetSFDCOpty_RecordId":{"type":"string","description":"item key","x-ms-powerflows-param-ispartial":false}},"required":["GetSFDCOpty_RecordId"]}}}},"actions":{"Get_SFDC_Opty":{"runAfter":{"Initialize_CreatedOptyID":["Succeeded"]},"type":"OpenApiConnection","inputs":{"host":{"connectionName":"shared_salesforce","operationId":"GetItem_V2","apiId":"/providers/Microsoft.PowerApps/apis/shared_salesforce"},"parameters":{"table":"Opportunity","id":"@triggerBody()['GetSFDCOpty_RecordId']"},"authentication":{"type":"Raw","value":"@json(decodeBase64(triggerOutputs().headers['X-MS-APIM-Tokens']))['$ConnectionKey']"}}},"Get_SFDC_Account":{"runAfter":{"Get_SFDC_Opty":["Succeeded"]},"type":"OpenApiConnection","inputs":{"host":{"connectionName":"shared_salesforce","operationId":"GetItem_V2","apiId":"/providers/Microsoft.PowerApps/apis/shared_salesforce"},"parameters":{"table":"Account","id":"@outputs('Get_SFDC_Opty')?['body/AccountId']"},"authentication":{"type":"Raw","value":"@json(decodeBase64(triggerOutputs().headers['X-MS-APIM-Tokens']))['$ConnectionKey']"}}},"Get_DYNA_Account":{"runAfter":{"Get_SFDC_Account":["Succeeded"]},"type":"OpenApiConnection","inputs":{"host":{"connectionName":"shared_commondataservice","operationId":"GetItems_V2","apiId":"/providers/Microsoft.PowerApps/apis/shared_commondataservice"},"parameters":{"dataset":"default.cds","table":"accounts","$filter":"accountnumber eq '@{outputs('Get_SFDC_Account')?['body/AccountNumber']}'","$top":1},"authentication":{"type":"Raw","value":"@json(decodeBase64(triggerOutputs().headers['X-MS-APIM-Tokens']))['$ConnectionKey']"}}},"For_Each_Account":{"foreach":"@outputs('Get_DYNA_Account')?['body/value']","actions":{"Create_DYNA_Opty":{"runAfter":{},"type":"OpenApiConnection","inputs":{"host":{"connectionName":"shared_commondataservice","operationId":"PostItem_V2","apiId":"/providers/Microsoft.PowerApps/apis/shared_commondataservice"},"parameters":{"dataset":"default.cds","table":"opportunities","item/name":"@outputs('Get_SFDC_Opty')?['body/Name']","item/_transactioncurrencyid_value":"@items('For_Each_Account')?['_transactioncurrencyid_value']","item/_customerid_value":"@items('For_Each_Account')?['accountid']","item/_customerid_type":"accounts","item/budgetamount":"@outputs('Get_SFDC_Opty')?['body/ExpectedRevenue']","item/actualvalue":"@outputs('Get_SFDC_Opty')?['body/Amount']","item/completeinternalreview":false,"item/confirminterest":false,"item/pursuitdecision":false,"item/decisionmaker":false,"item/description":"@outputs('Get_SFDC_Opty')?['body/Description']","item/developproposal":false,"item/evaluatefit":false,"item/resolvefeedback":false,"item/filedebrief":false,"item/completefinalproposal":false,"item/identifycompetitors":false,"item/identifycustomercontacts":false,"item/identifypursuitteam":false,"item/participatesinworkflow":false,"item/presentfinalproposal":false,"item/presentproposal":false,"item/captureproposalfeedback":false,"item/isrevenuesystemcalculated":false,"item/sendthankyounote":false,"item/_ownerid_type":""},"authentication":{"type":"Raw","value":"@json(decodeBase64(triggerOutputs().headers['X-MS-APIM-Tokens']))['$ConnectionKey']"}}},"Set_variable":{"runAfter":{"Create_DYNA_Opty":["Succeeded"]},"type":"SetVariable","inputs":{"name":"CreatedOptyID","value":"@outputs('Create_DYNA_Opty')?['body/opportunityid']"}}},"runAfter":{"Get_DYNA_Account":["Succeeded"]},"type":"Foreach"},"Initialize_CreatedOptyID":{"runAfter":{},"type":"InitializeVariable","inputs":{"variables":[{"name":"CreatedOptyID","type":"string"}]}},"Respond_to_a_PowerApp_or_flow":{"runAfter":{"For_Each_Account":["Succeeded"]},"type":"Response","kind":"PowerApp","inputs":{"statusCode":200,"body":{"creadtedoptuid":"@variables('CreatedOptyID')"},"schema":{"type":"object","properties":{"creadtedoptuid":{"title":"CreadtedOptuId","x-ms-dynamically-added":true,"type":"string"}}}}}},"outputs":{}}},"schemaVersion":"1.0.0.0"}